LPrice,LSqft,Bed,Bath,Age,Quality,AC,Garage,Pool,Price,Sqft
5.5563,3.48173,4,4,30,Medium,Yes,2,No,360000,3032
5.53148,3.31345,4,2,26,Medium,Yes,2,No,340000,2058
5.39794,3.25042,4,3,22,Medium,Yes,2,No,250000,1780
5.31281,3.21431,4,2,39,Medium,Yes,2,No,205500,1638
5.44012,3.34163,4,3,34,Medium,Yes,2,No,275500,2196
5.39445,3.29358,4,3,30,Medium,Yes,5,Yes,248000,1966
5.36154,3.34557,3,2,30,Medium,Yes,2,No,229900,2216
5.17609,3.2033,2,1,47,Medium,Yes,1,No,150000,1597
5.29003,3.21005,3,2,27,Low,Yes,2,No,195000,1622
5.20412,3.29579,3,3,84,Low,No,1,No,160000,1976
5.27875,3.44902,7,5,36,Low,No,2,Yes,190000,2812
5.74741,3.44576,3,4,10,High,Yes,3,No,559000,2791
5.72835,3.52905,5,4,14,High,Yes,3,No,535000,3381
5.72016,3.53895,5,4,24,High,Yes,2,No,525000,3459
5.47698,3.32015,3,3,15,Medium,Yes,2,No,299900,2090
5.72181,3.50947,5,5,18,Medium,Yes,2,No,527000,3232
5.23019,3.17667,2,2,46,Medium,Yes,2,No,169900,1502
5.52537,3.43886,3,4,9,Medium,Yes,2,No,335250,2747
5.51041,3.4609,4,3,48,Medium,Yes,2,No,323900,2890
5.30103,3.26126,3,3,45,Medium,Yes,2,No,200000,1825
5.32428,3.19811,4,3,16,Medium,Yes,2,No,211000,1578
5.32634,3.24625,3,3,43,Medium,Yes,2,No,212000,1763
5.38917,3.40088,4,3,37,Medium,Yes,2,No,245000,2517
5.14737,3.27231,3,2,17,Medium,Yes,2,No,140400,1872
5.46982,3.51402,3,3,94,Medium,Yes,2,No,295000,3266
5.23274,3.30535,1,2,46,Medium,Yes,1,No,170900,2020
5.35984,3.33526,4,2,37,Medium,Yes,2,No,229000,2164
5.33945,3.31806,3,2,43,Medium,Yes,2,Yes,218500,2080
5.20412,3.344,2,2,17,Medium,Yes,2,No,160000,2208
5.4133,3.48401,6,4,42,Medium,Yes,3,No,259000,3048
5.21617,3.16435,3,2,24,Medium,Yes,2,No,164500,1460
5.44716,3.40483,3,2,62,Medium,No,2,No,280000,2540
5.18752,3.344,2,2,17,Medium,Yes,2,No,154000,2208
5.43457,3.40824,4,2,25,Medium,Yes,3,No,272000,2560
5.25527,3.31408,4,2,44,Medium,No,2,No,180000,2061
5.19728,3.29667,3,2,45,Medium,Yes,2,No,157500,1980
5.38471,3.51957,5,4,74,Medium,Yes,2,No,242500,3308
5.26007,3.41764,5,3,47,Low,No,2,No,182000,2616
5.25042,3.16435,4,2,41,Low,Yes,2,No,178000,1460
5.23528,3.19866,2,1,51,Low,No,1,No,171900,1580
5.2188,3.16435,3,2,42,Low,Yes,2,No,165500,1460
5.26364,3.18752,3,2,10,Low,Yes,2,No,183500,1540
5.13033,3.14239,2,1,51,Low,No,2,No,135000,1388
5.24304,3.21059,3,2,54,Low,Yes,2,No,175000,1624
5.17464,3.19866,2,1,36,Low,Yes,2,No,149500,1580
5.2492,3.26007,3,2,42,Low,Yes,2,No,177500,1820
5.19033,3.2388,4,1,66,Low,Yes,1,No,155000,1733
5.16137,3.27784,3,2,77,Low,No,2,No,145000,1896
5.25042,3.3092,2,2,84,Low,No,2,No,178000,2038
5.19312,3.15715,3,2,82,Low,No,3,No,156000,1436
5.2014,3.22789,3,2,80,Low,No,1,No,159000,1690
5.20412,3.17493,2,2,102,Low,No,1,No,160000,1496
5.04922,3.2222,2,1,54,Low,No,1,No,112000,1668
4.92428,2.99123,1,1,51,Low,No,1,No,84000,980
5.19033,3.40858,3,2,117,Low,No,2,No,155000,2562
5.5563,3.36248,5,4,24,Medium,Yes,3,No,360000,2304
5.01703,3.10312,2,1,55,Low,No,1,No,104000,1268
5.62325,3.35851,3,3,5,High,Yes,3,No,420000,2283
5.55023,3.31387,2,3,5,Medium,Yes,2,No,355000,2060
5.21748,3.31952,2,2,36,Medium,Yes,2,No,165000,2087
5.38739,3.31827,4,2,22,Medium,Yes,2,No,244000,2081
5.25503,3.22943,3,3,24,Medium,Yes,2,No,179900,1696
5.40312,3.34674,4,2,47,Medium,No,2,No,253000,2222
5.30103,3.32428,5,3,45,Medium,Yes,2,No,200000,2110
5.30103,3.24895,4,2,39,Low,No,2,No,200000,1774
5.16938,3.20194,3,2,45,Low,Yes,2,No,147700,1592
5.27577,3.24254,3,2,30,Low,Yes,2,No,188700,1748
5.24797,3.29776,3,1,54,Low,No,2,No,177000,1985
5.76716,3.4079,2,4,18,High,Yes,3,Yes,585000,2558
5.74028,3.60206,6,5,23,High,Yes,3,Yes,549900,4000
5.8293,3.59572,4,3,12,High,Yes,2,No,675000,3942
5.91908,3.58984,4,4,11,High,Yes,3,No,830000,3889
5.96379,3.58625,4,5,5,High,Yes,3,No,920000,3857
5.93197,3.67724,4,4,12,High,Yes,3,No,855000,4756
5.76753,3.51878,4,3,20,High,Yes,3,No,585500,3302
5.60097,3.41979,3,3,13,High,Yes,2,No,399000,2629
5.89763,3.64523,5,5,5,High,Yes,3,No,790000,4418
5.82282,3.67633,4,4,6,High,Yes,3,No,665000,4746
5.86034,3.51081,3,3,13,High,Yes,3,No,725000,3242
5.8109,3.39164,3,3,10,High,Yes,3,No,647000,2464
5.89209,3.64532,4,5,15,High,Yes,7,No,780000,4419
5.8179,3.5885,3,3,10,High,Yes,3,No,657500,3877
5.76193,3.5807,5,4,20,High,Yes,3,No,578000,3808
5.69897,3.5284,5,4,55,High,Yes,2,No,500000,3376
5.68532,3.46835,3,3,23,High,Yes,3,Yes,484530,2940
5.78462,3.4239,5,3,5,High,Yes,3,No,609000,2654
5.80277,3.42684,4,3,7,High,Yes,3,No,635000,2672
5.71517,3.52969,4,4,8,High,Yes,3,No,519000,3386
5.79595,3.56205,4,4,10,High,Yes,3,No,625100,3648
5.76749,3.53845,4,5,7,High,Yes,3,No,585444,3455
5.60195,3.52127,3,4,31,High,Yes,3,Yes,399900,3321
5.59095,3.44979,4,3,6,High,Yes,3,No,389900,2817
5.81224,3.50651,3,5,7,High,Yes,3,No,649000,3210
5.72835,3.55485,4,5,15,High,Yes,3,No,535000,3588
5.80618,3.43217,3,3,8,High,Yes,3,No,640000,2705
5.77815,3.36996,4,3,77,High,Yes,2,No,600000,2344
5.7653,3.62982,5,4,7,High,Yes,4,No,582500,4264
5.7364,3.41747,3,3,6,High,Yes,3,No,545000,2615
5.68124,3.55727,6,4,21,High,Yes,3,No,480000,3608
5.77452,3.39428,4,4,13,High,Yes,3,No,595000,2479
5.78533,3.51202,3,4,17,High,Yes,3,Yes,610000,3251
5.75587,3.40603,2,3,6,High,Yes,3,No,570000,2547
5.68034,3.70174,7,3,13,High,Yes,3,No,479000,5032
5.7364,3.69662,6,6,15,High,Yes,3,Yes,545000,4973
5.52504,3.41196,4,3,36,High,Yes,2,No,335000,2582
5.79865,3.49679,6,4,25,High,Yes,2,Yes,629000,3139
5.70372,3.54605,4,4,23,High,Yes,3,No,505500,3516
5.72325,3.32818,0,0,10,High,Yes,3,No,528750,2129
5.5682,3.46776,4,4,15,High,Yes,3,No,370000,2936
5.72346,3.52517,5,4,8,High,Yes,3,No,529000,3351
5.6902,3.49638,4,4,13,High,Yes,3,No,490000,3136
5.72835,3.54716,4,5,6,High,Yes,3,No,535000,3525
5.78675,3.59295,6,5,7,High,Yes,3,No,612000,3917
5.64591,3.43169,4,3,11,High,Yes,3,No,442500,2702
5.69897,3.56158,3,4,18,High,Yes,3,No,500000,3644
5.73159,3.48742,4,4,10,High,Yes,3,No,539000,3072
5.73679,3.50961,4,4,11,High,Yes,3,No,545500,3233
5.62737,3.46509,4,4,14,High,Yes,3,No,424000,2918
5.51188,3.51402,4,3,17,High,Yes,3,No,325000,3266
5.56467,3.46835,4,7,14,High,Yes,2,No,367000,2940
5.6721,3.53529,3,4,36,High,Yes,2,Yes,470000,3430
5.59439,3.39305,4,4,15,High,Yes,3,No,393000,2472
5.72428,3.45909,4,4,10,High,Yes,3,No,530000,2878
5.60206,3.40432,3,3,9,High,Yes,2,No,400000,2537
5.60584,3.58636,4,4,15,High,Yes,3,No,403500,3858
5.74036,3.43807,3,3,11,High,Yes,3,No,550000,2742
5.57978,3.53908,5,4,30,High,Yes,2,No,380000,3460
5.69897,3.58388,5,4,20,High,Yes,3,No,500000,3836
5.66745,3.64865,7,5,28,High,Yes,2,No,465000,4453
5.65466,3.61066,5,4,19,High,Yes,3,No,451500,4080
5.52634,3.51865,3,4,25,High,Yes,2,No,336000,3301
5.74036,3.58297,4,5,27,High,Yes,2,Yes,550000,3828
5.65321,3.47319,4,3,22,Medium,Yes,2,No,450000,2973
5.64345,3.4504,5,4,40,Medium,Yes,2,Yes,440000,2821
5.71181,3.46982,5,3,33,Medium,Yes,2,No,515000,2950
5.61805,3.37328,3,3,25,Medium,Yes,2,No,415000,2362
5.57978,3.49024,3,4,24,Medium,Yes,2,No,380000,3092
5.68975,3.45728,4,4,20,Medium,No,2,No,489500,2866
5.67943,3.5275,5,4,21,Medium,Yes,3,No,478000,3369
5.66276,3.48686,4,4,14,Medium,Yes,3,No,460000,3068
5.57967,3.37658,3,3,4,Medium,Yes,3,No,379900,2380
5.59106,3.34733,2,3,5,Medium,Yes,3,No,390000,2225
5.52892,3.42406,3,3,54,Medium,Yes,2,No,338000,2655
5.8293,3.58602,4,4,6,Medium,Yes,3,No,675000,3855
5.64345,3.4612,4,4,25,Medium,Yes,2,No,440000,2892
5.69897,3.58343,4,3,50,Medium,Yes,2,No,500000,3832
5.6721,3.50024,6,4,20,Medium,Yes,2,No,470000,3164
5.50174,3.4183,3,2,77,Medium,Yes,3,No,317500,2620
5.63347,3.48799,6,4,18,Medium,Yes,3,No,430000,3076
5.63347,3.60444,6,4,16,Medium,Yes,3,No,430000,4022
5.67669,3.52853,4,3,5,Medium,Yes,3,No,475000,3377
5.58995,3.45606,5,4,13,Medium,Yes,1,No,389000,2858
5.60206,3.549,4,4,22,Medium,Yes,3,Yes,400000,3540
5.5966,3.48359,4,3,11,Medium,Yes,1,No,395000,3045
5.5966,3.61805,4,3,68,Medium,No,3,No,395000,4150
5.47129,3.24993,2,2,11,Medium,Yes,2,No,296000,1778
5.58827,3.38238,2,3,16,Medium,Yes,3,No,387500,2412
5.54777,3.42619,4,3,24,Medium,Yes,2,No,353000,2668
5.54407,3.35679,4,3,16,Medium,Yes,3,No,350000,2274
5.64111,3.46776,4,3,22,Medium,Yes,3,No,437632,2936
5.65079,3.40243,2,2,6,Medium,Yes,0,No,447500,2526
5.50311,3.38899,4,4,17,Medium,Yes,2,No,318500,2449
5.54654,3.49568,4,4,14,Medium,Yes,2,No,352000,3131
5.46982,3.40415,3,3,15,Medium,Yes,3,No,295000,2536
5.49624,3.52035,2,3,18,Medium,Yes,3,No,313500,3314
5.51851,3.3483,3,2,16,Medium,Yes,2,No,330000,2230
5.60206,3.42012,4,4,17,Medium,No,2,No,400000,2631
5.51188,3.42127,4,3,24,Medium,Yes,2,No,325000,2638
5.53148,3.44028,4,3,29,Medium,Yes,2,Yes,340000,2756
5.60195,3.51348,5,4,24,Medium,Yes,2,No,399900,3262
5.39777,3.28691,4,4,15,Medium,Yes,3,No,249900,1936
5.58995,3.49803,4,4,33,Medium,Yes,3,Yes,389000,3148
5.5617,3.41764,3,4,25,Medium,Yes,2,No,364500,2616
5.55328,3.55991,4,3,33,Medium,Yes,2,No,357500,3630
5.46982,3.29092,3,3,40,Medium,Yes,3,Yes,295000,1954
5.43854,3.28466,5,3,16,Medium,Yes,2,No,274500,1926
5.4133,3.40756,3,2,45,Medium,Yes,2,No,259000,2556
5.61805,3.35832,5,4,15,Medium,Yes,2,No,415000,2282
5.6464,3.52035,3,4,16,Medium,Yes,3,No,443000,3314
5.3962,3.30125,3,3,21,Medium,Yes,2,No,249000,2001
5.51851,3.41614,5,2,26,Medium,Yes,2,No,330000,2607
5.46389,3.45332,4,4,37,Medium,Yes,2,No,291000,2840
5.62118,3.4823,3,5,25,Medium,No,2,No,418000,3036
5.50515,3.35025,4,2,28,Medium,Yes,3,No,320000,2240
5.4216,3.25237,3,3,33,Medium,No,2,No,264000,1788
5.58092,3.4183,5,4,37,Medium,Yes,2,No,381000,2620
5.39794,3.17026,3,3,18,Medium,Yes,2,No,250000,1480
5.5563,3.41296,3,3,34,Medium,Yes,2,Yes,360000,2588
5.56761,3.49665,4,4,33,Medium,Yes,2,No,369500,3138
5.45545,3.39094,5,4,23,Medium,Yes,2,No,285400,2460
5.61172,3.55218,4,4,26,Medium,Yes,2,No,409000,3566
5.52244,3.43008,5,4,18,Medium,Yes,3,No,333000,2692
5.55871,3.471,5,4,15,Medium,Yes,3,No,362000,2958
5.58827,3.50024,4,4,36,Medium,Yes,2,Yes,387500,3164
5.3784,3.31345,3,3,33,Medium,Yes,2,No,239000,2058
5.47698,3.43409,3,4,19,Medium,Yes,2,No,299900,2717
5.52504,3.46538,4,3,15,Medium,Yes,3,No,335000,2920
5.43933,3.40722,5,3,42,Medium,Yes,2,No,275000,2554
5.51587,3.44793,3,4,14,Medium,Yes,2,No,328000,2805
5.52244,3.43712,4,3,23,Medium,Yes,2,Yes,333000,2736
5.59879,3.54605,5,7,6,Medium,Yes,3,No,397000,3516
5.5738,3.54851,6,4,24,Medium,Yes,2,Yes,374800,3536
5.716,3.33001,5,3,46,Medium,Yes,3,No,520000,2138
5.51188,3.43425,4,4,24,Medium,Yes,3,No,325000,2718
5.46982,3.33806,5,3,44,Medium,Yes,2,No,295000,2178
5.61805,3.49859,5,4,22,Medium,Yes,2,No,415000,3152
5.35199,3.41681,3,3,15,Medium,Yes,2,No,224900,2611
5.42325,3.31387,4,3,21,Medium,Yes,2,No,265000,2060
5.47698,3.38881,4,4,23,Medium,Yes,3,No,299900,2448
5.59106,3.60746,6,5,36,Medium,Yes,2,Yes,390000,4050
5.43297,3.38274,3,3,88,Medium,Yes,2,No,271000,2414
5.51851,3.48742,4,3,36,Medium,Yes,2,No,330000,3072
5.54407,3.40226,3,3,19,Medium,Yes,3,No,350000,2525
5.49136,3.45728,5,3,41,Medium,Yes,3,No,310000,2866
5.53148,3.51135,4,4,15,Medium,Yes,3,No,340000,3246
5.48714,3.43249,4,4,10,Medium,Yes,2,No,307000,2707
5.48287,3.36173,5,3,41,Medium,Yes,2,No,304000,2300
5.44075,3.26951,3,3,45,Medium,Yes,2,No,275900,1860
5.49831,3.56062,5,3,26,Medium,Yes,2,No,315000,3636
5.46982,3.28103,4,3,34,Medium,Yes,2,No,295000,1910
5.39969,3.35793,4,2,46,Medium,Yes,2,No,251010,2280
5.52504,3.52969,4,5,37,Medium,No,2,No,335000,3386
5.53593,3.36624,5,4,35,Medium,Yes,3,No,343500,2324
5.47276,3.29447,4,3,30,Medium,Yes,2,No,297000,1970
5.44871,3.31429,3,3,25,Medium,Yes,2,Yes,281000,2062
5.37107,3.4178,4,3,17,Medium,Yes,2,No,235000,2617
5.37475,3.41697,4,3,17,Medium,Yes,2,No,237000,2612
5.43917,3.39305,3,3,33,Medium,Yes,2,No,274900,2472
5.36154,3.28375,4,2,45,Medium,Yes,2,No,229900,1922
5.4133,3.26764,3,2,18,Medium,Yes,2,No,259000,1852
5.38917,3.35005,3,3,16,Medium,Yes,2,No,245000,2239
5.31806,3.31555,3,2,23,Medium,Yes,2,No,208000,2068
5.62428,3.32243,3,3,46,Medium,No,2,No,421000,2101
5.50515,3.34242,4,3,34,Medium,Yes,2,No,320000,2200
5.40824,3.29491,3,3,13,Medium,No,2,No,256000,1972
5.43933,3.30255,3,3,43,Medium,Yes,2,Yes,275000,2007
5.34635,3.41697,4,3,17,Medium,Yes,2,No,222000,2612
5.39777,3.32715,4,1,28,Medium,Yes,3,No,249900,2124
5.43696,3.41697,4,3,17,Medium,Yes,2,No,273500,2612
5.33945,3.4062,2,2,18,Medium,Yes,2,No,218500,2548
5.57634,3.44201,3,3,61,Medium,Yes,3,No,377000,2767
5.34242,3.30643,3,3,13,Medium,Yes,2,No,220000,2025
5.28533,3.29137,4,2,40,Medium,Yes,2,No,192900,1956
5.47531,3.39094,4,3,35,Medium,Yes,2,No,298750,2460
5.49831,3.44154,3,3,30,Medium,Yes,3,No,315000,2764
5.49831,3.3019,4,3,35,Medium,Yes,2,No,315000,2004
5.66829,3.45515,4,3,41,Medium,Yes,2,Yes,465900,2852
5.37931,3.32139,3,3,25,Medium,Yes,2,No,239500,2096
5.44091,3.36736,3,3,13,Medium,Yes,2,No,276000,2330
5.35411,3.4014,4,3,24,Medium,Yes,2,No,226000,2520
5.37107,3.40278,3,3,25,Medium,Yes,2,No,235000,2528
5.3927,3.3075,4,3,14,Medium,Yes,3,No,247000,2030
5.26007,3.344,2,2,17,Medium,Yes,2,No,182000,2208
5.25527,3.17609,2,1,64,Medium,Yes,0,No,180000,1500
5.3962,3.31765,5,3,37,Medium,Yes,2,No,249000,2078
5.41497,3.38775,4,3,33,Medium,Yes,2,No,260000,2442
5.34223,3.41697,3,3,16,Medium,Yes,2,No,219900,2612
5.46982,3.35564,4,3,30,Medium,Yes,3,No,295000,2268
5.4624,3.4368,4,3,31,Medium,Yes,2,No,290000,2734
5.47712,3.34792,4,3,20,Medium,Yes,2,No,300000,2228
5.55011,3.47712,5,4,29,Medium,Yes,3,No,354900,3000
5.41664,3.38093,5,3,29,Medium,Yes,3,Yes,261000,2404
5.2418,3.26482,3,2,42,Medium,Yes,2,No,174500,1840
5.38899,3.32366,3,2,55,Medium,No,2,No,244900,2107
5.43917,3.44529,4,3,18,Medium,Yes,2,No,274900,2788
5.33041,3.3831,3,3,18,Medium,Yes,2,No,214000,2416
5.45179,3.38561,3,4,18,Medium,Yes,3,No,283000,2430
5.25018,3.19976,3,2,13,Medium,Yes,2,No,177900,1584
5.37566,3.27254,3,3,24,Medium,Yes,2,No,237500,1873
5.30567,3.2159,4,3,26,Medium,Yes,2,No,202150,1644
5.37107,3.38021,4,3,26,Medium,Yes,2,No,235000,2400
5.33646,3.32098,4,3,18,Medium,Yes,2,No,217000,2094
5.45484,3.40841,3,3,21,Medium,Yes,3,No,285000,2561
5.33746,3.24353,3,2,26,Medium,Yes,2,No,217500,1752
5.32222,3.24005,5,3,19,Medium,Yes,2,No,210000,1738
5.26326,3.31555,3,2,25,Medium,Yes,3,No,183340,2068
5.4014,3.38525,4,3,36,Medium,Yes,2,No,252000,2428
5.37475,3.32015,4,2,33,Medium,Yes,2,No,237000,2090
5.31175,3.26007,3,2,58,Medium,Yes,2,No,205000,1820
5.45484,3.50772,4,4,58,Medium,Yes,2,No,285000,3219
5.32222,3.4239,3,5,40,Medium,Yes,2,No,210000,2654
5.44716,3.25575,4,3,46,Medium,Yes,2,No,280000,1802
5.31597,3.24674,3,2,26,Medium,Yes,2,No,207000,1765
5.34439,3.44498,4,3,26,Medium,Yes,2,No,221000,2786
5.40993,3.25382,3,2,42,Medium,Yes,2,No,257000,1794
5.43775,3.44217,3,3,81,Medium,No,2,No,274000,2768
5.4183,3.35946,3,2,39,Medium,Yes,2,No,262000,2288
5.31048,3.30707,3,2,51,Medium,Yes,2,No,204400,2028
5.40637,3.4183,5,3,36,Medium,Yes,2,No,254900,2620
5.38739,3.2159,3,3,22,Medium,Yes,2,No,244000,1644
5.32838,3.276,3,2,44,Medium,Yes,3,No,213000,1888
5.38021,3.32552,4,3,38,Medium,Yes,2,No,240000,2116
5.37107,3.36418,4,3,30,Medium,Yes,2,No,235000,2313
5.31387,3.26102,4,2,43,Medium,Yes,2,No,206000,1824
5.37475,3.28825,4,3,30,Medium,Yes,2,No,237000,1942
5.43775,3.33925,4,3,25,Medium,Yes,2,No,274000,2184
5.43933,3.41128,3,3,37,Medium,Yes,2,No,275000,2578
5.33925,3.30878,4,3,42,Medium,Yes,2,No,218400,2036
5.19312,3.14114,2,1,41,Medium,No,2,No,156000,1384
5.34242,3.2615,4,3,50,Medium,Yes,2,No,220000,1826
5.23426,3.22557,3,2,45,Medium,Yes,1,No,171500,1681
5.25527,3.23704,3,2,40,Medium,Yes,2,No,180000,1726
5.30963,3.28103,3,2,44,Medium,Yes,2,No,204000,1910
5.48714,3.42553,4,3,40,Medium,Yes,2,No,307000,2664
5.42325,3.32552,3,3,26,Medium,Yes,2,No,265000,2116
5.32201,3.3075,3,3,43,Medium,Yes,2,No,209900,2030
5.23805,3.2878,3,2,46,Medium,No,2,No,173000,1940
5.27646,3.22427,3,3,37,Medium,No,2,No,189000,1676
5.34733,3.32634,3,2,43,Medium,Yes,2,Yes,222500,2120
5.42325,3.33284,4,3,15,Medium,Yes,2,No,265000,2152
5.4227,3.29754,4,3,36,Medium,Yes,2,No,264670,1984
5.30266,3.19728,3,3,45,Medium,Yes,2,No,200750,1575
5.35774,3.25479,3,3,24,Medium,Yes,2,No,227900,1798
5.40654,3.30471,3,1,44,Medium,No,1,No,255000,2017
5.31911,3.27967,3,3,24,Medium,Yes,2,No,208500,1904
5.35583,3.23502,3,3,26,Medium,Yes,2,No,226900,1718
5.33244,3.24944,4,2,22,Medium,No,1,No,215000,1776
5.34821,3.41647,4,3,41,Medium,Yes,2,No,222950,2609
5.38003,3.34753,3,3,47,Medium,Yes,2,No,239900,2226
5.24551,3.19201,2,1,43,Medium,Yes,3,No,176000,1556
5.35793,3.2465,2,2,17,Medium,Yes,2,No,228000,1764
5.31154,3.21112,3,3,34,Medium,Yes,2,Yes,204900,1626
5.41162,3.30363,5,3,35,Medium,Yes,2,No,258000,2012
5.38355,3.32015,4,4,39,Medium,Yes,2,No,241850,2090
5.29776,3.34084,4,2,39,Medium,Yes,2,No,198500,2192
5.38561,3.34792,4,4,37,Medium,Yes,2,No,243000,2228
5.27184,3.26126,4,2,39,Medium,Yes,2,No,187000,1825
5.36736,3.32879,4,3,36,Medium,Yes,2,No,233000,2132
5.31175,3.33445,3,2,19,Medium,Yes,2,No,205000,2160
5.31175,3.29535,3,2,48,Medium,Yes,2,No,205000,1974
5.27646,3.22943,3,3,34,Medium,Yes,2,No,189000,1696
5.31154,3.32879,3,3,33,Medium,Yes,2,No,204900,2132
5.3784,3.25864,4,3,23,Medium,Yes,2,Yes,239000,1814
5.28556,3.25431,3,2,39,Medium,Yes,2,No,193000,1796
5.41497,3.35564,5,3,31,Medium,Yes,2,No,260000,2268
5.27416,3.23528,2,3,42,Medium,Yes,2,No,188000,1719
5.27989,3.23147,3,2,18,Medium,Yes,2,No,190500,1704
5.36173,3.33082,3,2,43,Medium,Yes,2,No,230000,2142
5.38021,3.23172,4,2,30,Medium,Yes,2,No,240000,1705
5.37107,3.24353,4,3,24,Medium,Yes,2,No,235000,1752
5.43933,3.40722,5,3,36,Medium,Yes,2,Yes,275000,2554
5.31175,3.21748,3,2,37,Medium,Yes,2,No,205000,1650
5.44716,3.44963,5,3,56,Medium,Yes,2,No,280000,2816
5.27875,3.28307,3,4,64,Medium,Yes,2,No,190000,1919
5.36642,3.31806,3,2,34,Medium,Yes,2,No,232500,2080
5.41414,3.32387,4,4,24,Medium,Yes,2,No,259500,2108
5.43933,3.39445,3,3,38,Medium,Yes,2,No,275000,2480
5.26458,3.24204,3,2,28,Medium,Yes,2,No,183900,1746
5.4624,3.43185,3,3,39,Medium,No,4,No,290000,2703
5.33836,3.21484,4,2,23,Medium,Yes,2,No,217950,1640
5.34242,3.34163,4,3,30,Medium,Yes,2,No,220000,2196
5.26717,3.2307,3,2,20,Medium,Yes,1,No,185000,1701
5.45939,3.35218,3,2,53,Medium,Yes,2,No,288000,2250
5.29557,3.39829,4,2,38,Medium,Yes,2,No,197500,2502
5.25521,3.24601,4,3,43,Medium,Yes,2,No,179975,1762
5.29003,3.30449,4,3,39,Medium,Yes,2,No,195000,2016
5.3587,3.27967,3,3,26,Medium,Yes,2,Yes,228400,1904
5.28948,3.21801,5,2,42,Medium,Yes,2,No,194750,1652
5.29003,3.31006,4,3,39,Medium,No,2,No,195000,2042
5.32222,3.30514,4,3,42,Medium,Yes,3,No,210000,2019
5.3794,3.44576,5,3,56,Medium,Yes,3,No,239550,2791
5.38382,3.40037,4,3,49,Medium,Yes,1,No,242000,2514
5.26717,3.24204,3,2,18,Medium,Yes,2,No,185000,1746
5.24304,3.28556,3,2,46,Medium,Yes,2,No,175000,1930
5.21748,3.19089,3,1,43,Medium,Yes,3,No,165000,1552
5.26717,3.19479,4,2,9,Medium,Yes,2,No,185000,1566
5.23853,3.22246,3,2,38,Medium,Yes,2,No,173194,1669
5.31207,3.25864,3,3,24,Medium,Yes,2,No,205150,1814
5.33082,3.25382,3,3,26,Medium,Yes,3,No,214200,1794
5.26126,3.22814,3,2,34,Medium,Yes,2,Yes,182500,1691
5.31175,3.2634,4,3,43,Medium,Yes,2,No,205000,1834
5.31806,3.29754,5,3,41,Medium,Yes,2,No,208000,1984
5.35218,3.29358,4,3,40,Medium,Yes,2,No,225000,1966
5.23045,3.22246,3,2,35,Medium,Yes,2,No,170000,1669
5.33445,3.32879,4,3,26,Medium,Yes,2,No,216000,2132
5.25527,3.30255,4,3,43,Medium,Yes,2,No,180000,2007
5.2284,3.29314,4,2,38,Medium,Yes,2,No,169200,1964
5.32838,3.36642,4,3,29,Medium,Yes,3,No,213000,2325
5.32222,3.34163,4,3,37,Medium,Yes,2,No,210000,2196
5.26717,3.31408,3,2,46,Medium,Yes,2,No,185000,2061
5.25503,3.26198,3,2,46,Medium,Yes,2,No,179900,1828
5.29226,3.29137,4,3,34,Medium,Yes,2,No,196000,1956
5.34223,3.26764,6,3,34,Medium,Yes,2,No,219900,1852
5.20385,3.25406,1,2,22,Medium,Yes,2,No,159900,1795
5.23045,3.19866,2,1,52,Low,No,1,No,170000,1580
5.23019,3.23249,3,1,52,Low,No,1,No,169900,1708
5.27761,3.23045,4,2,49,Low,No,2,No,189500,1700
5.29003,3.24105,1,1,41,Low,Yes,2,No,195000,1742
5.33244,3.27646,4,2,41,Low,Yes,2,No,215000,1890
5.233,3.17955,2,1,46,Low,No,1,No,171000,1512
5.25503,3.26482,3,1,49,Low,No,2,No,179900,1840
5.07918,3.02531,2,1,55,Low,No,2,No,120000,1060
5.24304,3.18752,3,2,45,Low,No,2,No,175000,1540
5.36717,3.19033,4,2,40,Low,Yes,2,Yes,232900,1550
5.36154,3.44514,4,2,80,Low,Yes,1,No,229900,2787
5.24279,3.18412,2,2,20,Low,Yes,2,No,174900,1528
5.22763,3.28511,2,2,61,Low,No,2,No,168900,1928
5.36078,3.36717,3,2,42,Low,Yes,2,No,229500,2329
5.37291,3.2878,4,3,43,Low,Yes,2,No,236000,1940
5.31281,3.3251,5,2,36,Low,Yes,2,No,205500,2114
5.32634,3.25503,3,2,40,Low,Yes,2,No,212000,1799
5.31175,3.27045,3,2,62,Low,Yes,2,No,205000,1864
5.28556,3.19893,3,2,46,Low,Yes,2,No,193000,1581
5.25527,3.21801,3,2,43,Low,Yes,2,No,180000,1652
5.26482,3.20194,4,2,25,Low,No,2,No,184000,1592
5.16107,3.18184,3,1,49,Low,No,1,No,144900,1520
5.40654,3.25334,2,2,47,Low,Yes,2,No,255000,1792
5.13672,3.16554,2,1,45,Low,No,1,No,137000,1464
5.25042,3.23096,3,2,41,Low,No,2,No,178000,1702
5.47129,3.33846,3,2,50,Low,Yes,2,No,296000,2180
5.27068,3.17202,2,2,44,Low,Yes,2,No,186500,1486
5.23045,3.13481,2,1,60,Low,No,2,No,170000,1364
5.34044,3.18752,4,2,25,Low,Yes,2,No,219000,1540
5.27416,3.20629,4,2,33,Low,Yes,2,No,188000,1608
5.29059,3.2222,3,1,46,Low,Yes,2,No,195250,1668
5.24304,3.2887,3,2,51,Low,Yes,2,No,175000,1944
5.33244,3.27485,4,2,46,Low,Yes,2,Yes,215000,1883
5.29557,3.34537,4,1,54,Low,No,2,No,197500,2215
5.39777,3.2824,2,2,48,Low,Yes,2,No,249900,1916
5.25527,3.1784,2,2,43,Low,Yes,2,No,180000,1508
5.24279,3.25744,3,1,44,Low,Yes,2,No,174900,1809
5.27852,3.29181,4,3,67,Low,No,2,No,189900,1958
5.18752,3.20194,2,1,51,Low,Yes,2,No,154000,1592
5.17609,3.21378,2,1,52,Low,Yes,2,No,150000,1636
5.27852,3.25527,3,2,38,Low,No,2,No,189900,1800
5.1959,3.20412,3,1,52,Low,No,2,No,157000,1600
5.26007,3.19033,3,1,36,Low,Yes,2,No,182000,1550
5.27335,3.19811,3,1,44,Low,Yes,2,No,187650,1578
5.24304,3.2159,3,1,46,Low,Yes,2,No,175000,1644
5.27852,3.19201,3,2,43,Low,Yes,1,No,189900,1556
5.24304,3.22324,3,1,53,Low,Yes,2,No,175000,1672
5.20385,3.21748,2,2,45,Low,Yes,1,No,159900,1650
5.26694,3.22427,3,2,46,Low,No,2,No,184900,1676
5.24279,3.29226,2,2,55,Low,No,2,No,174900,1960
5.15534,3.21722,3,1,51,Low,Yes,1,No,143000,1649
5.21722,3.23754,3,1,52,Low,Yes,1,No,164900,1728
5.2393,3.2003,3,2,44,Low,Yes,1,No,173500,1586
5.20898,3.20194,2,1,51,Low,No,1,No,161800,1592
5.17026,3.18013,2,2,38,Low,Yes,1,No,148000,1514
5.24797,3.29048,4,2,39,Low,Yes,2,No,177000,1952
5.1758,3.19033,3,1,46,Low,Yes,2,No,149900,1550
5.23045,3.18865,2,2,45,Low,No,1,No,170000,1544
5.15229,3.19479,3,1,43,Low,No,1,No,142000,1566
5.27161,3.21748,3,2,41,Low,Yes,2,No,186900,1650
5.18441,3.14364,2,2,51,Low,No,2,No,152900,1392
5.54407,3.47436,5,4,52,Low,Yes,2,No,350000,2981
5.11394,3.14983,2,1,62,Low,No,1,No,130000,1412
5.22505,3.33846,4,2,54,Low,No,2,No,167900,2180
5.26694,3.23147,2,2,48,Low,Yes,2,No,184900,1704
5.25042,3.20412,3,2,45,Low,Yes,2,No,178000,1600
5.04532,3.10585,3,2,51,Low,No,1,No,111000,1276
5.31597,3.22167,4,2,48,Low,No,1,No,207000,1666
5.27875,3.24551,3,2,28,Low,Yes,2,No,190000,1760
5.36173,3.26387,3,2,56,Low,No,2,No,230000,1836
5.21748,3.21378,3,1,49,Low,No,2,No,165000,1636
5.32222,3.24254,3,2,45,Low,Yes,2,No,210000,1748
5.35411,3.40756,4,2,79,Low,No,2,No,226000,2556
5.1758,3.17926,4,1,48,Low,Yes,1,No,149900,1511
5.19033,3.18298,3,2,44,Low,Yes,2,No,155000,1524
5.34223,3.26031,4,2,46,Low,Yes,2,No,219900,1821
5.12057,3.20303,1,1,62,Low,No,0,No,132000,1596
5.29003,3.37876,4,2,42,Low,No,2,No,195000,2392
5.19285,3.24254,2,1,46,Low,Yes,2,No,155900,1748
5.07882,3.14114,2,1,53,Low,No,0,No,119900,1384
5.24304,3.21165,3,1,45,Low,Yes,2,Yes,175000,1628
5.48287,3.28126,4,2,49,Low,Yes,2,No,304000,1911
5.27875,3.21059,4,3,43,Low,No,1,No,190000,1624
5.36003,3.29137,3,2,18,Low,Yes,2,Yes,229100,1956
5.273,3.30363,4,2,49,Low,No,2,No,187500,2012
5.23805,3.2014,2,2,46,Low,Yes,2,No,173000,1590
5.23045,3.22712,2,1,61,Low,Yes,1,No,170000,1687
5.25285,3.25912,4,1,46,Low,Yes,2,No,179000,1816
5.21085,3.21005,3,1,46,Low,Yes,1,No,162500,1622
5.23553,3.2052,4,2,48,Low,Yes,2,No,172000,1604
5.18526,3.20194,4,2,46,Low,No,1,No,153200,1592
5.34242,3.28375,3,2,50,Low,Yes,2,No,220000,1922
5.24055,3.27692,3,1,47,Low,Yes,1,No,174000,1892
5.30103,3.21165,3,1,43,Low,Yes,2,No,200000,1628
5.20683,3.2159,2,2,46,Low,Yes,2,No,161000,1644
5.13033,3.16137,3,1,47,Low,Yes,2,No,135000,1450
5.27875,3.20194,3,2,43,Low,Yes,2,No,190000,1592
5.18696,3.21854,2,1,40,Low,No,2,No,153800,1654
5.16107,3.14239,2,1,52,Low,Yes,2,No,144900,1388
5.21748,3.22272,3,2,49,Low,No,2,No,165000,1670
5.26951,3.2907,3,2,46,Low,Yes,1,No,186000,1953
5.22272,3.30276,3,1,39,Low,Yes,2,No,167000,2008
5.27784,3.21748,3,2,42,Low,Yes,2,No,189600,1650
5.23045,3.19811,3,1,27,Low,Yes,2,No,170000,1578
5.27761,3.20898,3,2,40,Low,Yes,2,No,189500,1618
5.18611,3.21537,3,1,43,Low,No,2,No,153500,1642
5.20385,3.30276,1,2,61,Low,Yes,2,No,159900,2008
5.19866,3.2052,3,2,42,Low,Yes,1,No,158000,1604
5.24304,3.30856,4,2,40,Low,Yes,3,No,175000,2035
5.16732,3.18583,3,2,47,Low,No,1,No,147000,1534
5.19033,3.21059,2,2,47,Low,Yes,2,No,155000,1624
5.17609,3.23045,4,2,48,Low,Yes,1,No,150000,1700
5.21748,3.21219,3,2,24,Low,Yes,2,No,165000,1630
5.16732,3.18355,3,2,45,Low,Yes,1,No,147000,1526
5.1651,3.22324,3,1,53,Low,Yes,2,No,146250,1672
5.2492,3.20085,4,2,22,Low,Yes,2,No,177500,1588
5.18653,3.24353,4,2,52,Low,Yes,2,No,153650,1752
5.29994,3.22376,4,2,55,Low,No,2,No,199500,1674
5.26951,3.29667,3,1,75,Low,No,1,No,186000,1980
5.14582,3.14489,1,1,52,Low,No,2,No,139900,1396
5.20412,3.07115,1,1,43,Low,No,2,No,160000,1178
5.09691,3.1014,2,2,47,Low,No,0,No,125000,1263
5.55618,3.37603,5,2,65,Low,Yes,2,No,359900,2377
5.266,3.11528,3,1,51,Low,Yes,2,No,184500,1304
5.19033,3.1271,3,1,50,Low,No,0,No,155000,1340
5.17609,3.19285,2,1,50,Low,No,2,No,150000,1559
5.16435,3.14983,1,2,82,Low,Yes,0,No,146000,1412
5.11059,3.07846,2,2,77,Low,Yes,2,No,129000,1198
5.16137,3.15351,2,1,55,Low,Yes,2,No,145000,1424
5.30103,3.13672,4,1,77,Low,No,1,No,200000,1370
5.1758,3.19976,3,2,45,Low,Yes,2,No,149900,1584
5.12057,3.19507,2,1,68,Low,Yes,1,No,132000,1567
5.1364,3.14891,2,1,51,Low,No,1,No,136900,1409
5.13672,3.2188,2,1,67,Low,No,1,No,137000,1655
5.26717,3.2887,3,2,63,Low,Yes,2,No,185000,1944
5.12548,3.28375,3,1,52,Low,No,2,No,133500,1922
5.09342,3.17026,3,2,49,Low,Yes,2,No,124000,1480
4.98,3.07335,2,1,51,Low,No,1,No,95500,1184