Name,State,Funding,Apps,Accepted,Enrolled,Top10,FTUG,Tuition,RmBrd,PhD,SFRatio,Alumni,Spending,Gradrate,StdScore
Alaska Pacific University,AK,Private,193,146,55,16,249,7560,4120,76,11.9,2,10922,15,-0.394683191
Alabama Agri. & Mech. Univ.,AL,Public,2817,1920,984,,3958,3400,2550,53,14.3,,7043,40,-1.984747569
Faulkner University,AL,Private,345,320,179,,1367,5600,3250,52,32.8,,3971,55,-0.821911329
University of Montevallo,AL,Public,1351,892,570,18,2385,4440,3030,72,18.9,8,5883,51,-0.434299249
Auburn University-Main Campus,AL,Public,7548,6791,3070,25,16262,6300,3933,85,16.7,18,6642,69,0.801329567
Birmingham-Southern College,AL,Private,805,588,287,67,1376,11660,4325,74,14,34,8649,72,1.286046708
Huntingdon College,AL,Private,608,520,127,26,538,8080,3920,63,11.4,9,7703,44,0.134136354
Jacksonville State University,AL,Public,1627,1413,887,,5160,2610,2600,66,20.1,6,4604,33,-0.821911329
Judson College,AL,Private,313,228,137,10,552,5780,3600,70,17.9,27,5159,43,-0.046687169
Livingston University,AL,Public,1206,957,444,,1627,1740,2449,58,18.8,4,4272,36,-1.209523409
University of Mobile,AL,Private,452,331,269,17,1417,6150,3680,59,16.6,4,5412,52,-0.046687169
Spring Hill College,AL,Private,773,694,230,,942,11478,4788,80,14.4,23,8594,70,0.453369764
Troy State University at Troy,AL,Public,1471,1281,824,18,4343,2883,2570,50,23,,4295,48,-0.362314838
University of Alabama at Tuscaloosa,AL,Public,7593,5972,2682,,13780,5424,3530,80,17.3,29,6426,50,0.340924911
University of Alabama at Birmingham,AL,Public,1797,1260,938,24,6960,4440,5175,96,6.7,16,16352,33,-0.434299249
University of Alabama at Huntsville,AL,Public,1376,957,445,,2727,4960,3500,83,12.7,12,8863,38,0.534290649
University of South Alabama,AL,Public,2328,2110,1047,,7516,3108,2850,80,13.3,,8667,43,0.340924911
Auburn University at Montgomery,AL,Public,985,868,645,,3477,5715,4430,74,18.1,,4792,42,-0.434299249
Arkansas College (Lyon College),AR,Private,708,334,166,46,530,8644,3922,79,12.6,24,14579,54,1.11614907
Arkansas Tech University,AR,Public,1734,1729,951,12,3602,3460,2650,57,19.6,5,4739,48,-0.434299249
Arkansas State University,AR,Public,2688,2633,1488,,7212,3720,2580,71,20,9,5128,39,-0.434299249
University of Central Arkansas,AR,Public,3131,2703,1792,,7402,3274,2600,71,20.5,10,4252,36,-0.046687169
Hendrix College,AR,Private,823,721,274,52,954,8800,3195,82,13.1,26,8588,63,1.241540222
John Brown University,AR,Private,605,405,284,24,961,6398,3672,68,13.3,19,8118,75,0.271701857
University of Arkansas at Little Rock,AR,Public,1766,1322,1194,,5753,5352,2435,61,14.7,4,4724,19,-1.209523409
Harding University,AR,Private,1721,1068,806,35,3128,5504,3528,71,17.7,37,6466,73,0.574751091
Grand Canyon University,AZ,Private,497,393,169,,1364,6870,3100,56,14.2,,6219,81,-0.193189146
Arizona State University Main campus,AZ,Public,12809,10308,3761,24,22593,7434,4850,88,18.9,5,4602,48,0.194827017
Northern Arizona University,AZ,Public,5891,4931,1973,23,11249,6746,3728,78,21.7,7,6157,41,-0.140590571
University of Arizona,AZ,Public,14079,12238,4529,29,21664,7434,4216,91,19.6,,9683,49,0.231241415
Biola University,CA,Private,1118,896,459,,2058,11388,4546,67,16.6,15,9329,36,-0.136544527
California Baptist College,CA,Private,308,262,157,,592,6370,3894,56,13,,8554,43,-1.138751245
California Institute of Technology,CA,Private,1916,507,210,98,912,16695,5051,100,6.5,36,62469,83,3.576879683
California Lutheran University,CA,Private,563,247,247,23,1427,12950,5300,72,12.4,17,8985,60,-0.366764965
California State Univ. at Fullerton,CA,Public,6004,4480,1470,,12147,8990,3476,88,19.9,,6288,56,-0.609527618
California State Univ. at Long Beach,CA,Public,10278,7746,2576,,,8233,4400,80,20.3,,5382,48,-0.743047077
California State Univ. at San Bernardino,CA,Public,2329,1619,1521,,6609,,,93,20.3,,6654,49,-1.043702816
California Polytechnic-San Luis,CA,Public,7811,3817,1650,47,12911,7380,4877,72,19.8,13,8453,59,-0.079495825
California State University at Chico,CA,Public,4816,3922,1278,,11822,5904,5050,,18.9,5,7798,63,-0.49623838
Humboldt State University,CA,Public,3467,2190,565,,5637,9979,4200,80,16.4,4,8650,65,-0.071807819
California State University at Sacramento,CA,Public,4348,3026,1234,,13724,9096,4500,79,19.2,3,7530,47,-0.679558837
San Diego State University,CA,Public,9402,7020,2151,20,16407,8384,5110,87,19.5,7,7930,41,-0.884254542
California State University at Northridge,CA,Public,7672,5331,2157,,15567,5904,5500,,20.3,,6691,43,-1.247994439
San Francisco State University,CA,Public,5385,3539,1259,,13165,8964,6776,75,17.4,1,7651,55,-1.21967213
San Jose State University,CA,Public,5210,4094,1420,,14392,8820,4224,72,17.4,6,5957,46,-1.130659157
Sonoma State University,CA,Public,2726,982,557,47,4239,7830,5189,79,16.1,1,7304,40,-0.023255288
United States International University,CA,Private,322,168,51,,237,11760,4225,90,15.7,,10317,23,-0.900034636
Chapman University,CA,Private,959,771,351,23,1662,16624,5895,72,12.8,6,12692,47,-0.067761775
Claremont McKenna College,CA,Private,1860,767,227,71,887,17000,6010,99,9.6,52,18443,87,2.361486306
Harvey Mudd College,CA,Private,1377,572,178,95,654,17230,6690,100,8.2,46,21569,100,3.253196146
Pitzer College,CA,Private,1133,630,220,37,750,17688,5900,100,10.4,11,14820,73,1.488348919
Pomona College,CA,Private,3037,1130,390,80,1500,17720,7220,94,8.9,47,20682,91,3.226127521
Scripps College,CA,Private,855,632,139,60,569,17238,7350,95,8.2,41,18372,73,1.488348919
Holy Names College,CA,Private,258,157,43,,273,11480,5280,75,7.8,41,10362,44,-0.566269598
Dominican College of San Rafael,CA,Private,213,173,75,,648,12790,6100,56,11.6,29,8966,50,-0.679558837
La Sierra University,CA,Private,659,530,325,,1067,12180,3885,69,12.6,14,8294,49,-0.734550906
University of La Verne,CA,Private,1597,969,226,16,1431,13540,5050,66,14.1,23,10139,47,-0.286248163
Mills College,CA,Private,529,414,132,32,781,14100,6000,,10.3,24,14299,64,0.889938457
Mount St. Mary's College,CA,Private,657,537,113,37,1039,12474,5678,53,11.9,19,10613,72,-0.200877151
Occidental College,CA,Private,2324,1319,370,52,1686,16560,5140,91,10.5,30,16196,79,0.906490498
Pacific Christian College,CA,Private,167,142,89,9,414,6500,3000,38,10.7,6,5612,67,-0.298386295
Fresno Pacific College,CA,Private,346,274,146,51,704,9900,3670,59,10.5,14,8095,54,0.13858648
Pacific Union College,CA,Private,940,668,385,20,1316,11925,3825,48,12.3,12,9157,69,-0.046687169
Point Loma Nazarene College,CA,Private,809,687,428,20,1889,10178,4190,71,16.1,19,7895,54,-0.504330468
Pepperdine University,CA,Private,3821,2037,680,86,2488,18200,6770,95,11.6,13,16185,66,1.088194624
Southern California College,CA,Private,385,340,193,18,784,9520,4124,63,18.6,11,8219,43,-0.455777937
St. Mary's College of California,CA,Private,2643,1611,465,36,2615,13332,6354,88,16.1,17,9619,78,0.518070253
Stanford University,CA,Private,13608,2926,1616,88,6573,18669,6795,,9.7,25,33629,96,3.472936218
University of California at Berkeley,CA,Public,19873,8252,3215,95,19532,11648,6246,93,15.8,10,13919,78,2.023198703
University of California at Davis,CA,Public,16343,11399,3124,95,15429,7699,5285,,14.5,11,15873,76,0.777053302
University of California at Irvine,CA,Public,15698,10775,2478,85,12677,12024,5302,96,16.1,11,15934,66,0.493793987
University of California at Los Angeles,CA,Public,22165,10435,3591,93,21637,7689,5580,97,11.8,9,20260,77,1.400107893
University of California at Riverside,CA,Public,9798,7566,1470,80,6922,7699,5430,98,13.4,8,12528,62,0.227195371
University of California at San Diego,CA,Public,19433,11469,2481,95,13738,7699,6607,100,13.9,6,17674,66,1.411474079
University of California at Santa Barbara,CA,Public,16663,14141,3239,90,15638,11218,5990,96,18.9,6,9475,69,0.307675953
University of California at Santa Cruz,CA,Public,10758,8559,1717,94,8713,7699,6081,94,21.3,10,10860,59,0.736556641
University of San Francisco,CA,Private,2306,1721,538,23,4309,13226,6452,86,13.6,8,10074,62,-0.18064693
University of Southern California,CA,Private,12229,8498,2477,45,13259,17230,6482,90,11.4,10,17007,68,1.051780226
University of the Pacific,CA,Private,2459,1997,582,36,2664,16320,5326,87,11.2,14,13706,65,0.056821212
Westmont College,CA,Public,950,713,351,42,1276,14320,5304,77,14.9,17,8837,87,0.700178462
Whittier College,CA,Private,1681,1069,344,35,1235,16249,5699,84,13.6,29,11778,52,-0.056468027
Woodbury University,CA,Private,349,313,111,,765,13020,5490,28,13.5,2,6944,54,-1.001589824
University of Judaism,CA,Private,52,36,18,,88,10560,6200,100,7.2,,31012,55,0.58280696
California State Univ. at Bakersfield,CA,Public,941,643,415,,2571,8725,3475,82,13.4,,,24,-0.7268629
University of San Diego,CA,Private,3934,2735,886,40,3698,13600,5940,93,15.6,13,10813,66,0.566622783
Thomas Aquinas College,CA,Private,125,87,67,22,208,13400,5200,68,10.9,43,11513,71,1.650962634
Loyola Marymount University,CA,Private,3768,2662,753,42,3558,13592,5916,84,14.2,10,11677,84,0.53425443
Concordia University,CA,Private,688,497,144,30,641,10800,4440,55,13.1,13,8415,55,-0.278156074
Adams State College,CO,Public,1508,1259,569,16,1922,1672,3730,63,27.9,,3897,60,-0.434299249
University of Northern Colorado,CO,Public,5530,4007,1697,12,8463,7731,4128,75,21.5,8,6309,40,-0.217465411
Colorado State University,CO,Public,9478,6312,2194,29,15646,8412,4180,87,19.2,10,7850,59,0.784741308
Mesa State College,CO,Public,1584,1456,891,6,3471,5016,3798,48,28.8,12,3871,59,-0.884254542
Metropolitan State College,CO,Public,3512,2975,1662,6,9544,5790,,75,21.1,14,4400,25,-0.868070365
Regis University,CO,Private,1107,904,308,,1142,12700,5480,90,14.8,15,,53,-0.181051013
University of Southern Colorado,CO,Public,1401,1239,605,10,3716,7100,4380,63,19.4,0,5389,36,-0.653630022
University of Denver,CO,Private,2974,2001,580,29,2666,15192,4695,84,15.9,21,11762,67,0.534290649
Western State College of Colorado,CO,Public,2702,1623,604,7,2315,5918,3755,76,19.4,4,4599,52,-0.532652778
University of Colorado at Denver,CO,Public,1199,562,261,30,3805,9244,,89,18.1,6,7996,24,0.328346476
Albertus Magnus College,CT,Private,353,340,103,17,416,13290,5720,90,11.5,26,8861,63,-0.145040698
Central Connecticut State University,CT,Public,4158,2532,902,6,6394,5962,4444,69,16.7,4,4900,49,-0.784755986
Fairfield University,CT,Private,4784,3346,781,30,2984,15000,6200,86,15.1,30,11220,94,0.922306811
University of New Haven,CT,Private,1651,1412,336,,1411,10600,5020,79,15.6,6,7033,79,-0.315414857
Sacred Heart University,CT,Private,2307,1896,509,19,1707,11070,5780,71,14.8,16,7120,82,-0.550085422
Southern Connecticut State University,CT,Public,3852,2652,1044,4,5892,5962,4796,62,15.8,8,5245,45,-1.116531612
United States Coast Guard Academy,CT,Public,5099,466,277,72,930,,,31,8.3,6,36704,71,1.764251873
University of Bridgeport,CT,Private,598,441,153,16,527,12500,6810,76,7.9,,,51,-0.461072449
University of Hartford,CT,Private,5081,4040,1194,11,3768,14220,6000,61,10.7,9,10625,66,-0.04028385
Wesleyan University,CT,Private,4772,1973,712,60,2714,19130,5600,90,12.1,39,16262,92,2.595752788
Eastern Connecticut State University,CT,Public,2172,1493,564,14,2766,5962,4316,71,16.9,14,5719,50,-0.914229401
University of Connecticut at Storrs,CT,Public,9735,7187,2064,23,12478,11656,5072,89,16,16,10178,71,0.518070253
American University,DC,Private,4613,3587,1048,35,4545,15934,6400,,13.6,9,11803,69,1.335371185
Howard University,DC,Private,9776,3164,1666,,6705,7128,3750,78,7.5,4,18287,46,-0.754781127
Trinity College,DC,Private,247,189,100,19,309,11412,6430,89,8.3,37,11806,96,-0.096084084
Goldey Beacom College,DE,Private,633,468,284,10,823,6120,2985,25,27.6,4,6081,36,-0.461072449
University of Delaware,DE,Private,14446,10516,3252,22,14130,10220,4230,82,18.3,15,10650,75,0.542346518
Wesley College,DE,Private,980,807,350,10,872,9890,4674,52,14.4,15,6243,84,-1.359294266
Barry University,FL,Private,990,784,279,18,1811,11290,5360,76,12.6,11,9084,72,-0.685998375
Bethune Cookman College,FL,Private,1646,1150,542,12,2128,5188,3396,48,13.8,9,6817,58,-1.966978063
St. Thomas University,FL,Private,492,370,236,10,1125,9600,4600,,23.2,6,7400,33,-1.163027511
Florida Institute of Technology,FL,Private,1947,1580,523,39,1863,13900,4140,90,10.6,7,8923,57,1.035963913
Embry Riddle Aeronautical University,FL,Private,3151,2584,958,14,4772,7800,3750,37,16.5,4,12878,44,0.663359981
Florida Atlantic University,FL,Public,3181,2089,826,,6035,6700,4060,90,15.6,2,8717,48,0.065757684
Eckerd College,FL,Private,1422,1109,366,33,1363,15360,4080,82,12.8,26,15003,59,0.995135607
Florida Southern College,FL,Private,1381,1040,374,20,1506,8025,4865,65,17.4,10,6339,68,-0.056027725
Lynn University,FL,Private,1292,956,315,,1250,13900,5600,69,19,8,12614,65,-0.532652778
Nova Southeastern University,FL,Private,1025,770,257,,1893,8550,4740,90,20.4,18,12523,23,-0.509624979
Rollins College,FL,Private,1777,1151,382,31,1668,16425,5220,81,13.3,23,11561,90,0.926352855
University of South Florida,FL,Public,7589,4676,1876,29,14770,6760,3776,84,17,7,11020,47,0.482096156
Webber College,FL,Private,280,143,79,5,327,5590,2900,53,15.1,4,4839,90,-1.062280488
University of Central Florida,FL,Public,6986,2959,1918,25,12330,6618,4234,80,22.2,9,6742,46,0.287886034
University of West Florida,FL,Public,1558,1254,472,20,3754,6172,3994,83,23.4,12,8488,53,-0.104176173
Flagler College,FL,Private,1415,714,338,18,1345,5120,3200,52,18.1,9,3930,69,0.25551768
Warner Southern College,FL,Private,400,280,134,,397,6200,3270,53,14.4,11,7774,42,-1.825770597
Palm Beach Atlantic College,FL,Private,729,625,349,,1432,7900,3400,,19,,6014,38,-0.302028257
Florida International University,FL,Public,3306,2079,1071,42,10208,6597,2494,81,13.9,20,6722,66,0.376899007
University of North Florida,FL,Public,1800,1253,560,44,3876,6634,4360,82,17.8,14,6104,47,0.175000878
Armstrong State College,GA,Public,2186,1835,1263,,2796,5604,4192,45,10.5,,5667,88,-0.493440802
Clark Atlanta University,GA,Private,4502,2497,790,,2844,7908,4238,63,14.9,,9345,53,-1.26822466
Augusta College,GA,Public,1452,1158,870,,2902,4266,,65,18.9,10,5513,38,-1.059886993
Brenau University,GA,Private,367,274,158,12,917,9592,5879,71,13.7,12,5935,49,-0.307322768
Brewton-Parker College,GA,Private,1436,1228,1202,10,1320,4371,2370,62,12.6,10,4900,18,-1.634425273
Columbus College,GA,Public,1348,1050,774,,2873,2763,3375,61,16.5,9,5332,32,-0.631006306
Emory University,GA,Private,8506,4168,1236,76,5544,17600,6000,97,5,28,28457,96,2.159184095
Southern College of Technology,GA,Public,652,503,297,,2229,4023,3219,52,17.3,20,6208,36,-0.136544527
Georgia Southern University,GA,Public,8388,5423,3034,,11404,4571,2987,60,19.7,15,4830,46,-1.003242374
Georgia Southwestern College,GA,Public,860,716,330,,1703,4158,2415,50,18.1,,7091,26,-0.888300586
Kennesaw State College,GA,Public,2402,1824,1161,,5438,2844,,62,19.8,10,4907,21,-0.477256626
LaGrange College,GA,Private,544,399,177,15,600,6987,3585,77,12.5,12,9067,75,-1.521136034
Mercer University,GA,Private,2286,1668,564,37,2943,11985,4081,93,9.2,15,8995,91,0.501922295
Morehouse College,GA,Private,3708,1678,722,41,2852,7050,5490,71,17.8,10,8122,83,0.599027356
Morris Brown College,GA,Private,6407,1500,595,,1752,6770,4438,49,15.7,,,21,-1.082106626
Oglethorpe University,GA,Private,792,649,186,56,769,12900,4340,91,13.1,27,8568,67,1.556727589
Piedmont College,GA,Private,663,562,127,20,641,5640,3620,89,13.2,17,7309,31,-0.137388911
Savannah State College,GA,Public,1702,1448,726,12,2726,3200,2145,60,19,,5847,48,-2.040210941
Spelman College,GA,Private,3713,1237,443,47,1971,7000,5565,73,12.5,18,9988,65,0.308116255
Toccoa Falls College,GA,Private,,,182,18,781,6072,3636,48,16.8,28,6015,54,-0.581205308
University of Georgia,GA,Public,11220,7871,3320,43,19553,5697,3600,88,14.7,22,7881,63,0.955043028
Valdosta State University,GA,Public,3674,3247,1586,,5982,4617,2940,67,20,8,5374,45,-0.730908944
Wesleyan College,GA,Private,305,287,109,38,382,11500,4500,68,7.6,20,11605,52,0.352622741
West Georgia College,GA,Public,3668,2604,1331,,4538,4650,2973,59,19.2,10,5687,40,-0.809032252
Georgia College,GA,Public,1868,1788,829,,3467,4457,2739,70,21.4,7,4706,52,-1.239902351
Covenant College,GA,Private,407,317,181,21,468,9700,3744,73,19,,8614,56,0.688040329
Savannah Coll. of Art and Design,GA,Private,1109,688,386,20,1897,8325,5000,14,16.1,26,6874,55,0.320254388
University of Hawaii at Manoa,HI,Public,3580,2603,1627,36,11028,4460,3038,85,11.8,6,12833,54,0.081097477
University of Hawaii at Hilo,HI,Public,1499,779,500,20,2082,2920,4270,72,15.8,,11460,31,-0.954689844
Briar Cliff College,IA,Private,392,351,155,16,738,10260,3597,39,13.1,26,8355,58,-0.723220939
Buena Vista College,IA,Private,860,688,285,32,1928,13306,3797,62,8.8,10,6333,78,0.570705047
Central College,IA,Private,1283,1113,401,31,1355,10938,3660,76,13.5,29,8444,67,0.72853699
Clarke College,IA,Private,460,340,167,14,604,10740,3676,67,11,27,7963,74,-0.434299249
Coe College,IA,Private,1006,742,275,29,1127,13925,4390,73,12.7,32,10141,67,0.9303989
Cornell College,IA,Private,1538,1329,383,33,1140,15248,4323,71,12.2,31,10340,64,0.970859342
Dordt College,IA,Private,604,562,328,25,1048,9800,2650,61,12.5,17,7325,87,0.340924911
Drake University,IA,Private,2799,2573,839,34,3322,13420,4770,88,15,24,9473,77,0.809017573
Graceland College,IA,Private,555,414,242,14,996,9100,3100,51,23.6,24,5609,47,-0.100130129
Grand View College,IA,Private,535,511,233,11,1098,9820,3360,32,12.6,,6687,32,-0.821911329
Grinnell College,IA,Private,2039,1389,432,56,1333,15688,4618,88,9.5,54,18979,83,2.450095196
Loras College,IA,Private,1641,1283,527,20,1663,11200,4000,61,14.2,24,7578,70,0.340924911
Luther College,IA,Private,1549,1392,587,38,2269,13240,3560,73,13.8,38,8949,77,1.132701111
Teikyo Marycrest University,IA,Private,328,243,93,,663,9980,3640,44,12.3,10,7791,69,-0.821911329
Morningside College,IA,Private,586,533,239,16,950,10520,3678,48,13,32,8111,56,-0.046687169
Mount Saint Clare College,IA,Private,325,284,95,16,364,9900,3650,32,13.6,43,6525,21,-0.434299249
Northwestern College,IA,Private,860,811,366,22,1040,9900,3075,68,14.9,34,6357,68,-0.046687169
Saint Ambrose University,IA,Private,897,718,276,12,1345,10450,4020,56,14.1,16,7444,70,-0.046687169
University of Northern Iowa,IA,Public,4144,3379,1853,18,10135,6197,2930,78,16.3,26,6333,77,0.340924911
University of Dubuque,IA,Private,576,558,137,11,662,10430,3620,85,16.5,18,8767,45,-0.257925853
Upper Iowa University,IA,Private,663,452,192,10,1481,8840,3060,69,17.4,19,3733,78,-0.046687169
Wartburg College,IA,Private,1231,1074,345,34,1295,11600,3610,66,12.4,37,7735,67,0.635441754
Teikyo Westmar University,IA,Private,451,306,123,10,611,9980,3640,46,12,,,51,-1.209523409
Boise State University,ID,Public,3619,3080,1888,,7948,2093,3069,59,17,8,5705,25,-0.49623838
Albertson College,ID,Private,587,479,158,38,678,13500,3335,67,9.4,11,9727,55,0.538336693
Idaho State University,ID,Public,1989,1627,1137,,6547,4500,2980,67,16.5,7,6266,33,-0.434299249
Lewis-Clark State College,ID,Public,1001,551,428,,1970,5120,3190,60,12.1,,6997,44,-0.7268629
Northwest Nazarene College,ID,Private,616,514,385,29,1115,9840,2820,59,14.8,20,6261,58,0.340924911
University of Idaho,ID,Public,3133,2799,1337,24,7242,5962,3540,82,13.5,18,8805,45,0.219103282
Augustana College,IL,Private,1879,1658,497,36,1950,13353,4173,78,12.7,40,9220,71,1.11614907
Aurora University,IL,Private,532,481,127,,815,10250,3850,,9.1,19,8358,56,-0.434299249
Blackburn College,IL,Private,500,336,156,25,421,6500,2700,76,14.3,53,8377,51,-0.434299249
Bradley University,IL,Private,3767,3414,1061,30,4531,10870,4440,75,14.4,21,7671,85,1.173161553
Concordia University,IL,Private,528,403,186,22,1168,9216,4191,56,12.1,13,7309,75,0.340924911
DePaul University,IL,Private,4815,3551,1227,30,6069,11214,4932,69,16.1,25,8322,63,0.950629121
Eastern Illinois University,IL,Public,5597,4253,1565,12,9161,5710,3066,62,16.2,5,5682,76,-0.046687169
Eureka College,IL,Private,560,454,113,36,484,10955,3450,62,10.6,31,9552,53,-0.046687169
Greenville College,IL,Private,510,387,194,20,771,10310,4530,57,14.3,16,8222,60,-0.046687169
Illinois College,IL,Private,894,787,262,28,909,8050,3850,75,15.6,30,7348,52,0.36071483
Illinois Institute of Technology,IL,Private,1756,1360,478,42,1911,14550,4620,80,12.3,26,12851,56,1.100332757
Illinois State University,IL,Public,8681,6695,2408,10,15701,7799,3403,77,21,16,5569,54,-0.046687169
Northeastern Illinois University,IL,Public,2086,1507,631,14,4056,5706,,78,15.1,,6453,21,-1.984747569
Chicago State University,IL,Public,3553,1719,777,12,4543,5544,,47,15.6,,6195,18,-1.597135489
Illinois Wesleyan University,IL,Private,3050,1342,471,55,1818,14360,4090,77,12.9,34,9605,83,1.880007044
Judson College,IL,Private,313,228,137,10,552,9414,4554,34,10.6,30,7840,56,-0.046687169
Kendall College,IL,Private,150,150,121,15,338,6900,4851,24,15.9,,8812,80,-1.194991782
Knox College,IL,Private,1040,845,286,48,967,15747,4062,88,12.7,33,13224,79,1.092240668
Lewis University,IL,Private,1154,1050,395,12,2192,10560,4520,36,14.3,10,7701,61,-0.821911329
Loyola University Chicago,IL,Private,3579,2959,868,25,5244,11500,5330,94,6.2,15,13009,65,0.538336693
MacMurray College,IL,Private,740,558,177,12,628,9620,3750,49,10.8,33,10642,59,-0.434299249
McKendree College,IL,Private,1002,555,119,16,836,7680,3740,70,17.7,21,6652,52,-0.434299249
Millikin University,IL,Private,1444,1261,456,29,1788,11910,4378,60,11.4,25,8149,75,0.704224506
Monmouth College,IL,Private,601,503,204,28,671,13000,4100,91,11.6,43,11087,56,0.057261513
National-Louis University,IL,Private,513,347,279,23,2508,9090,4500,62,18.3,2,7905,71,-1.984747569
North Central College,IL,Private,1127,884,308,30,1310,11718,7398,73,16.4,33,8871,76,0.845431971
North Park College,IL,Private,465,361,176,19,879,12580,4345,76,13.1,24,10889,74,0.073849773
Northern Illinois University,IL,Public,10706,7219,2397,12,14826,7799,3296,73,17.3,11,6086,56,-0.046687169
Northwestern University,IL,Private,12289,5200,1902,85,7450,16404,5520,96,6.8,25,26385,92,2.555292346
Principia College,IL,Private,205,179,129,13,570,12816,5344,,9.6,23,16506,90,0.615175314
Quincy University,IL,Private,1025,707,297,22,1070,10100,4140,69,16.3,32,6880,80,0.397129228
Roosevelt University,IL,Private,422,367,218,13,1700,8580,5100,75,12.2,13,8995,77,-1.209523409
Southern Illinois University at Carbondale,IL,Public,,,2158,,16961,6953,3256,71,14.9,6,9158,44,-0.046687169
Southern Illinois University at Edwardsville,IL,Public,2540,2195,994,13,6063,5472,3598,76,16.5,8,7498,43,-0.434299249
Illinois Benedictine College,IL,Private,607,558,269,22,1222,10500,4348,81,11.6,29,8324,75,0.340924911
Saint Xavier University,IL,Private,785,647,295,15,1670,10860,4624,87,13.7,15,8953,55,-0.821911329
University of Illinois - Urbana,IL,Public,14939,11652,5705,52,25422,7560,4574,87,17.4,13,8559,81,1.637648473
University of Illinois at Chicago,IL,Public,8384,5727,2710,22,13518,7230,5088,82,10,6,13883,34,-0.434299249
Western Illinois University,IL,Public,6491,5027,1563,6,9015,5706,3193,77,17.2,,6566,55,-0.046687169
Anderson University,IN,Private,1216,908,423,19,1819,10100,3520,48,12.1,14,7994,59,-0.552882999
Ball State University,IN,Public,9361,7910,3849,38,16148,7244,3608,69,17.7,25,7449,51,-0.512422556
Butler University,IN,Private,2362,2037,700,40,2607,13130,4650,77,10.9,29,9511,83,0.800925485
Earlham College,IN,Private,1358,1006,274,35,1028,15036,4056,90,10.6,46,14634,78,1.173161553
University of Evansville,IN,Private,2096,1626,694,35,2551,11800,4340,60,15.8,26,7780,77,0.550438606
Franklin College,IN,Private,804,632,281,29,840,10390,4040,54,12.5,37,11751,60,0.158816701
Goshen College,IN,Private,440,396,221,26,910,9420,3730,51,9.9,46,10270,72,0.307675953
Grace College and Seminary,IN,Private,548,428,167,18,618,8958,3670,53,15.3,26,9798,64,-0.434299249
Hanover College,IN,Private,1006,837,317,33,1024,8200,3485,84,10.6,26,9248,64,0.655671975
Huntington College,IN,Private,450,430,125,20,488,9950,3920,76,11.8,25,9466,47,-0.484100247
University of Indianapolis,IN,Private,1487,1276,388,26,1417,11120,4080,55,11.1,23,6735,69,-0.415317495
University of Southern Indiana,IN,Public,2379,2133,1292,8,4283,4973,3192,56,22,21,4078,38,-1.425616302
Indiana University at Bloomington,IN,Public,16587,13243,5873,25,24763,9766,3990,77,21.3,24,8686,68,0.47764603
Indiana Univ.-Purdue Univ. at Indianapolis,IN,Public,4630,3655,2301,5,9216,8490,,69,10.4,39,12803,25,-1.21967213
Indiana Univ. at Kokomo,IN,Public,1108,1086,723,4,1139,6140,,60,14.7,31,6303,23,-1.343110089
Manchester College,IN,Private,1004,802,239,23,909,10440,3850,63,11.8,20,7940,64,-0.096084084
Marian College,IN,Private,770,542,238,15,923,9990,3822,38,10.4,,7799,61,-0.81712434
Indiana Wesleyan University,IN,Private,735,423,366,20,2448,9210,3782,49,39.8,15,6562,34,-0.641895972
Purdue University at West Lafayette,IN,Public,21804,18744,5874,29,26213,9556,3990,86,18.2,15,8604,67,0.485738118
Rose-Hulman Institute of Technology,IN,Private,3320,1840,381,73,1320,13380,4206,91,13.6,42,13550,97,2.506335732
Saint Francis College,IN,Private,213,166,85,13,513,8670,3820,43,12.5,4,7440,48,-0.654034104
Saint Joseph's College,IN,Private,920,684,225,24,815,11200,4250,55,14.8,19,7360,67,-0.229603544
Saint Mary-of-the-Woods College,IN,Private,150,130,88,23,341,10300,4130,44,10.2,37,9678,75,-1.033958178
Saint Mary's College,IN,Private,888,734,393,26,1433,12730,4514,74,9.9,31,11165,98,0.792833396
Taylor University,IN,Private,1769,1092,437,41,1757,10965,4000,60,14.2,32,8294,98,1.059872315
Tri-State University,IN,Private,1262,1102,276,14,978,9456,4350,53,12.8,24,7603,65,-0.447685849
University of Notre Dame,IN,Private,7700,3700,1906,79,7671,16850,4400,96,13.1,46,13936,97,2.03938288
Indiana State University,IN,Public,5659,4761,3147,10,8596,6892,3706,72,16.6,8,6996,40,-0.989451692
Baker University,KS,Private,602,483,206,21,958,8620,4100,58,11,21,6136,65,0.340924911
Bethany College,KS,Private,878,816,200,16,706,8740,3363,62,11.6,29,7718,48,0.340924911
Bethel College,KS,Private,202,184,122,19,537,8540,3580,61,8.8,32,8324,56,-0.046687169
Friends University,KS,Private,358,276,172,5,838,8516,3130,55,25,19,4962,49,-0.821911329
Pittsburg State University,KS,Public,1419,1313,813,11,4469,5424,3000,52,23.2,,1834,58,-0.434299249
Emporia State University,KS,Public,1256,1256,853,43,3957,5401,3144,72,19.3,4,5527,50,-0.821911329
Kansas Wesleyan University,KS,Private,589,575,148,16,474,8400,3250,63,12.4,14,6535,68,-0.434299249
McPherson College,KS,Private,420,293,93,11,336,7950,3750,54,9.8,45,9754,48,-0.046687169
Southwestern College,KS,Private,213,155,75,28,504,7200,3532,56,11.8,12,7818,52,-0.434299249
Sterling College,KS,Private,479,373,127,20,631,8280,3260,50,16.1,29,10049,36,-0.529010816
Tabor College,KS,Private,257,183,109,19,396,7850,3410,55,10,15,7233,53,-0.046687169
University of Kansas,KS,Public,8579,5561,3681,25,17880,6994,3384,88,13.7,17,9657,57,0.340924911
Wichita State University,KS,Public,2901,2236,896,,6550,6994,3299,82,20.4,17,5950,32,-0.434299249
MidAmerica Nazarene College,KS,Private,331,331,225,15,1100,6840,3720,33,15.4,20,5524,49,-0.046687169
Bellarmine College,KY,Private,807,707,308,39,1198,8840,2950,74,13.1,31,6668,84,0.25551768
Berea College,KY,Private,1836,599,455,35,1540,,2835,77,13.2,34,11719,57,0.021251198
Spalding University,KY,Private,283,201,97,10,589,8400,2800,50,10.6,40,6860,89,-0.821911329
Centre College,KY,Private,1013,888,288,55,943,11850,4270,95,11.4,60,13118,74,1.516267146
Cumberland College,KY,Private,995,789,398,26,1306,6230,3526,42,13,4,8189,63,-0.532652778
Eastern Kentucky University,KY,Public,5443,5135,2445,,11208,4700,3196,82,19.8,,5394,39,-1.209523409
Georgetown College,KY,Private,727,693,286,30,1063,8100,3950,73,13.3,28,7508,55,-0.046687169
Kentucky Wesleyan College,KY,Private,584,497,175,20,662,8000,4150,57,11.3,32,7058,62,-0.460228064
Morehead State University,KY,Public,2825,2495,1300,,6311,4740,2950,58,19.9,8,5175,52,-0.821911329
Murray State University,KY,Public,2225,1910,1190,29,5968,4738,3110,72,20.2,27,5972,52,-0.046687169
Transylvania University,KY,Private,759,729,244,57,867,10900,4450,81,12.1,41,10219,70,1.269862532
Union College,KY,Private,484,384,177,9,634,7800,2950,60,14.1,9,6864,64,-0.969221471
University of Kentucky,KY,Public,7769,5689,2675,,14931,6640,3226,95,12.2,12,11098,52,1.11614907
University of Louisville,KY,Public,4777,3057,1823,16,9844,6540,3600,84,11.1,24,10207,31,-0.434299249
Thomas More College,KY,Private,808,594,218,,756,9490,3892,65,10.5,18,7678,66,0.154366575
Centenary College of Louisiana,LA,Private,495,434,210,35,775,8950,3490,86,11.3,25,9685,66,0.9303989
Dillard University,LA,Private,1998,1376,651,41,1539,6700,3650,52,14.1,12,7566,61,-0.821911329
Nicholls State University,LA,Public,2020,1898,1092,,4921,4572,2550,65,21.8,,4466,36,-1.209523409
Louisiana Tech University,LA,Public,2397,2144,1525,22,6720,3957,2325,66,20,13,4546,45,-0.046687169
Louisiana State University at Baton Rouge,LA,Public,5996,4993,3079,29,16269,5925,2980,83,15.9,11,6741,37,0.287886034
University of New Orleans,LA,Public,2406,2139,1501,,8158,5154,3116,75,17.9,11,5260,19,-0.302028257
Loyola University,LA,Private,1891,1698,719,24,2740,11100,5870,77,11.7,14,9456,53,0.889938457
McNeese State University,LA,Public,2066,2031,1525,,6020,3450,2310,69,21.1,12,3976,34,-1.209523409
Northeast Louisiana University,LA,Public,2963,2814,1840,,8718,3804,1980,57,20.6,17,4092,21,-0.821911329
Northwestern State University of Louisiana,LA,Public,2671,2671,1330,,5742,4040,2216,67,29.5,11,4587,33,-0.821911329
Southeastern Louisiana University,LA,Public,3247,3247,2297,,9724,3854,2230,61,24.3,13,3666,29,-1.209523409
Southern University at New Orleans,LA,Public,900,900,490,10,2911,3009,,62,19.6,,4355,35,-1.984747569
University of Southwestern Louisiana,LA,Public,4299,4250,2664,,11767,4898,2082,63,22.7,9,4099,30,-1.209523409
Xavier University of Louisiana,LA,Private,2097,1915,695,34,2793,6900,4200,67,14.4,20,8323,49,-0.532652778
Southern University and A & M College,LA,Public,2431,2416,1711,37,7534,3950,2982,50,15.9,,5244,33,-1.984747569
Amherst College,MA,Private,4302,992,418,83,1593,19760,5300,93,8.4,63,21424,100,1.998554574
Merrimack College,MA,Private,1981,1541,514,18,1927,12500,6200,73,16.8,22,8707,80,0.259123423
Boston University,MA,Private,20192,13007,3810,45,14971,18420,6810,80,11.9,16,16836,72,1.488348919
Elms College,MA,Private,245,208,125,23,544,11800,4765,71,11.3,21,8952,86,-0.631006306
College of the Holy Cross,MA,Private,2994,1691,659,70,2675,18000,6300,92,11.3,55,12138,95,1.877541111
Curry College,MA,Private,1224,936,283,5,891,13600,5450,39,8.7,17,11992,58,-1.278373381
Eastern Nazarene College,MA,Private,516,409,200,17,1238,8770,3500,58,17.3,17,6430,70,0.097281654
Emerson College,MA,Private,1849,1228,492,19,2025,15200,7782,,18,,10602,62,0.420965191
Gordon College,MA,Private,674,565,282,25,1151,12200,4070,73,14.2,32,9226,66,0.194386715
Lesley College,MA,Private,244,198,82,12,1134,11700,5300,71,27.8,18,8694,58,-0.987058197
University of Massachusetts at Lowell,MA,Public,3986,3026,1093,8,5740,9838,4164,81,16.1,,7607,53,-0.137388911
Massachusetts Institute of Technology,MA,Private,6411,2140,1078,96,4481,20100,5975,99,10.1,35,33541,94,3.392015334
Bridgewater State College,MA,Public,4915,3340,1064,4,5356,5542,3991,73,17.1,,4666,51,-0.363967387
Fitchburg State College,MA,Public,2857,2090,577,5,2879,5542,4030,,14.7,26,4861,57,-0.622914218
North Adams State College,MA,Public,1563,1005,240,1,1380,5542,4330,65,14.2,17,6562,57,-0.574361687
Salem State College,MA,Public,3973,3168,1334,,5625,5542,3514,55,21,15,4386,45,-1.343110089
Westfield State College,MA,Public,3100,2150,825,3,3234,5542,3788,75,15.7,20,4222,65,-0.71192719
Worcester State College,MA,Public,2197,1515,543,4,3089,6797,3900,60,21,14,4469,40,-1.100347436
Mount Holyoke College,MA,Private,1800,1314,526,47,1891,19300,5700,79,9,51,18359,84,1.560773633
Northeastern University,MA,Private,11901,8492,2517,16,11160,13380,7425,73,12.9,17,9563,46,0.291932078
Pine Manor College,MA,Private,354,323,125,,372,15190,6480,46,8.9,26,14795,67,-1.236260389
Regis College,MA,Private,427,385,143,18,581,12700,5800,81,10.3,37,11758,84,-0.703835102
Simmons College,MA,Private,1003,782,295,23,1144,16160,6950,74,8.9,33,14086,79,0.251067553
University of Massachusetts at Dartmouth,MA,Public,3347,2597,1006,10,4664,6919,4500,74,15,20,7462,56,-0.509624979
Springfield College,MA,Private,1888,1347,519,,2160,9438,4300,55,12.8,,,76,-0.550085422
Stonehill College,MA,Private,3646,2300,585,25,2022,12170,6172,79,13,30,7495,97,0.340044307
Suffolk University,MA,Private,1247,980,356,11,2207,10584,,95,13.3,15,9336,60,-0.92232149
University of Massachusetts at Boston,MA,Public,2237,1495,800,10,6034,8568,,86,14.5,10,10132,41,-0.590545864
Wellesley College,MA,Private,2895,1249,579,80,2195,18345,5995,94,10.6,51,21409,91,2.120303764
Western New England College,MA,Private,1650,1471,409,7,1803,8994,5500,74,15.4,15,8409,59,-1.059886993
Wheaton College,MA,Private,1738,1373,417,21,1335,18460,5970,92,13.2,41,22704,71,0.817513744
Wheelock College,MA,Private,399,335,161,,736,13472,5528,74,9.6,40,12113,74,-0.930413578
Worcester Polytechnic Institute,MA,Private,2768,2314,682,49,2802,15884,5370,92,15.2,34,10774,82,2.07826321
Hampshire College,MA,Private,1342,998,309,26,1079,20655,5475,79,11.4,24,14276,62,1.157345239
Simon's Rock College of Bard,MA,Private,300,171,132,,303,16900,5620,76,8.2,21,13311,84,1.642870546
Wentworth Institute of Technology,MA,Private,1480,1257,452,6,2961,9850,6050,10,15.4,8,17858,64,-0.954689844
Capitol College,MD,Private,100,90,35,10,282,8400,2812,10,12.1,24,7976,52,-0.71192719
Bowie State University,MD,Public,1643,882,407,,2179,4869,4075,57,22,5,7848,17,-1.836727484
College of Notre Dame of Maryland,MD,Private,457,356,177,35,667,11180,5620,64,11.5,32,7477,75,0.016360769
Frostburg State University,MD,Public,2916,2167,911,,4147,5428,4390,78,17.8,12,5491,54,-0.533901245
Goucher College,MD,Private,1151,813,248,40,850,15588,6174,78,9.2,34,16623,77,1.157345239
Hood College,MD,Private,699,565,176,36,710,13960,6040,82,14.4,34,12434,72,0.469553941
Johns Hopkins University,MD,Private,8474,3446,911,75,3566,18800,6740,96,3.3,38,56233,90,2.838111358
Loyola College,MD,Private,4076,3137,738,25,3010,12990,6300,86,14.7,27,9448,80,0.825569613
Morgan State University,MD,Public,5892,3034,1358,20,4517,4136,4640,80,18.2,36,6867,29,-0.784755986
Mount Saint Mary's College,MD,Private,1321,1159,328,15,1243,12850,6200,77,12.8,36,8536,80,0.016360769
Salisbury State University,MD,Public,4216,2290,736,20,4296,5130,4690,73,17.9,18,5125,56,0.288290117
St. Mary's College of Maryland,MD,Public,1340,695,285,42,1315,6800,4730,84,11.6,23,10357,63,1.82898858
Towson State University,MD,Public,6151,3837,1215,,9247,5166,4480,76,17.6,24,5401,60,0.121557919
United States Naval Academy,MD,Public,11522,1463,1181,50,4125,,,54,6.8,,40020,94,1.642870546
University of Maryland at College Park,MD,Public,14292,10315,3409,22,19340,8723,5146,89,18.1,12,9021,63,0.94695094
University of Maryland at Baltimore County,MD,Public,4269,2594,985,27,6476,8594,4408,82,18.4,6,7618,55,0.635845837
University of Maryland Eastern Shore,MD,Public,1600,1016,508,,2067,7014,3580,56,17.8,,5191,35,-1.852911661
Villa Julie College,MD,Private,823,347,237,,1055,7400,,39,10.2,33,5287,72,-0.388243653
Washington College,MD,Private,1209,942,214,31,822,15276,5318,79,11.2,37,10830,65,0.801293348
Western Maryland College,MD,Private,1205,984,278,31,1071,14510,5340,84,12.5,39,10026,60,0.348136395
University of Maine at Presque Isle,ME,Public,461,381,235,10,974,6600,3630,67,15.2,11,6408,35,-1.189360408
Bates College,ME,Private,3461,1541,577,53,1599,25180,,79,9.8,40,16444,93,2.120303764
Bowdoin College,ME,Private,3356,1019,418,76,1490,19030,5885,93,11.2,52,20447,96,2.03938288
Colby College,ME,Private,2848,1319,456,58,1720,18930,5590,83,10.2,41,15954,91,1.569269804
University of Maine at Fort Kent,ME,Public,225,168,104,5,467,4800,3395,65,15,,5632,38,-1.375478443
Husson College,ME,Private,723,652,361,10,951,7800,4000,36,22,4,4923,84,-1.213636674
University of New England,ME,Private,1209,750,265,19,820,11450,5045,72,11.4,13,9718,64,-0.550085422
Saint Joseph's College,ME,Private,833,682,217,12,716,9985,5180,53,27.2,8,4322,85,-0.71192719
Thomas College,ME,Private,356,312,139,18,388,8850,4450,29,21.8,,5001,75,-1.116531612
University of Maine at Orono,ME,Public,5260,4589,1741,23,7366,7975,4385,93,14.5,,7379,56,0.17011045
Unity College,ME,Private,456,409,185,,458,9550,4750,45,11.4,,6145,44,-0.024099673
Adrian College,MI,Private,1428,1097,336,22,1036,11250,3750,53,12.9,30,8735,54,-0.046687169
Alma College,MI,Private,1267,1080,385,44,1306,12572,4552,79,15.3,32,9305,68,1.50376115
Andrews University,MI,Private,1130,704,322,14,1586,9996,3090,62,11.5,18,10908,46,-0.821911329
Calvin College,MI,Private,1784,1512,913,29,3401,10230,3710,75,14.8,41,7786,81,0.97895143
Concordia College,MI,Private,180,171,74,19,562,10430,2960,55,11.6,6,,84,-0.342084617
Eastern Michigan University,MI,Public,6693,5423,2242,,13142,6360,4031,74,20.6,9,5955,49,-0.508376512
Grand Valley State University,MI,Public,5165,3887,1561,20,8234,6108,3800,64,20.6,9,5063,57,0.340924911
Hillsdale College,MI,Private,920,745,347,35,1133,11090,4700,80,12,31,12639,79,0.777053302
Kalamazoo College,MI,Private,1224,1101,338,55,1218,16179,5094,75,12.4,36,13207,74,1.888503215
Lawrence Technological University,MI,Private,867,695,312,28,2176,6759,2250,40,15.8,,4727,45,-0.046687169
Michigan State University,MI,Public,18114,15096,6180,23,26640,10658,3734,93,14,9,10520,71,0.227195371
Michigan Technological University,MI,Public,2618,2288,1032,42,5524,8127,3978,82,17,25,7473,65,1.415520123
Lake Superior State University,MI,Public,1406,1169,522,10,2432,6456,4186,47,19.9,,4310,51,-0.821911329
Oakland University,MI,Public,3041,2581,1173,16,6441,9114,4030,88,19.7,13,6637,53,0.340924911
Saginaw Valley State University,MI,Public,1549,1349,687,,3598,5673,3650,77,18.2,10,5391,40,-0.821911329
Siena Heights College,MI,Private,464,419,183,10,686,9240,3880,29,7.2,17,9431,47,-0.434299249
Spring Arbor College,MI,Private,372,362,181,15,1501,8600,3550,48,15.4,9,10938,49,-0.434299249
University of Detroit Mercy,MI,Private,927,731,415,24,2149,11130,3996,72,13.5,14,10891,51,-0.342488699
University of Michigan at Dearborn,MI,Public,1796,1303,882,37,3493,10116,,80,18,9,6768,63,0.72853699
Wayne State University,MI,Public,4219,3098,1543,,9778,7162,3271,85,10.9,,10538,41,-0.434299249
Western Michigan University,MI,Public,9167,7191,2738,24,15739,6940,4100,80,24.7,11,5983,55,0.340924911
Center for Creative Studies,MI,Private,601,396,203,1,525,11230,6643,8,6.8,4,13025,47,-0.434299249
Northwood University,MI,Private,1093,998,285,5,1650,9450,4385,33,91.8,,5568,35,-1.009681913
University of Michigan at Ann Arbor,MI,Public,19152,12940,4893,66,22045,15732,4659,90,11.5,26,14847,87,1.791398153
Augsburg College,MN,Private,662,513,257,12,2074,11902,4372,65,12.8,31,7836,58,0.268059895
College of Saint Benedict,MN,Private,938,864,511,29,1715,12247,4221,70,13.1,26,8847,72,0.340484609
College of Saint Catherine,MN,Private,511,411,186,23,1692,12224,4440,63,11.5,32,7315,77,-0.09203804
College of St. Scholastica,MN,Private,672,596,278,29,1350,11844,3696,54,11.6,33,8996,72,0.016801071
University of St. Thomas,MN,Private,2057,1807,828,26,4106,11712,4037,80,13.8,13,8546,89,0.275747901
Concordia College-Moorhead,MN,Private,2007,1808,829,30,2917,10110,3165,,13.4,46,8129,69,0.129686227
Gustavus Adolphus College,MN,Private,1709,1385,634,36,2281,14125,3600,79,12.5,58,9907,80,1.11247089
Hamline University,MN,Private,1006,825,328,34,1362,13252,4194,89,13,33,10296,65,1.132701111
Moorhead State University,MN,Public,2442,2164,1189,12,5983,4426,2664,76,18.1,19,4795,60,-0.046687169
Southwest State University,MN,Public,1047,938,511,13,2091,4285,2750,58,16.5,31,6591,51,-0.821911329
Saint John's University,MN,Private,933,800,444,18,1691,12247,4081,76,12,38,9853,70,0.574751091
Saint Mary's College of Minnesota,MN,Private,876,802,367,14,1263,10800,3600,68,18.8,19,5081,78,-0.434299249
Saint Olaf College,MN,Private,2248,1673,745,38,2888,14350,3750,82,10,31,12502,83,1.286046708
University of Minnesota at Duluth,MN,Public,4192,3126,1656,15,5887,8828,3474,79,19,11,6393,53,-0.046687169
University of Minnesota at Morris,MN,Public,1458,874,588,56,1846,9843,3180,74,14.6,16,6716,51,1.69065113
Winona State University,MN,Public,3325,2047,1301,20,5800,4200,2700,53,20.2,18,5318,58,-0.096084084
University of Minnesota Twin Cities,MN,Public,11054,6397,3524,26,16502,8949,3744,88,12.2,37,16122,45,0.510418466
Avila College,MO,Private,373,298,86,14,651,8950,3800,57,10.6,20,6639,54,-0.298386295
Central Missouri State University,MO,Public,4681,4101,1436,10,8094,4620,3288,69,19.7,4,5501,50,-0.434299249
Columbia College,MO,Private,314,158,132,10,690,8294,3700,87,15.3,2,5015,37,-0.821911329
Culver-Stockton College,MO,Private,1576,1110,274,24,992,8000,3700,51,14.1,28,5807,51,-0.046687169
Drury College,MO,Private,700,650,314,33,1065,8730,3523,82,13.2,35,9303,67,1.11614907
Kansas City Art Institute,MO,Private,639,427,182,,527,6572,,,9.4,8,10396,58,-0.027705415
Lindenwood College,MO,Private,810,484,356,6,2155,9200,4800,65,24.1,9,3480,100,-0.419767622
Maryville University,MO,Private,549,397,169,26,1343,9250,4550,52,13.1,13,5925,61,0.34412657
Missouri Valley College,MO,Private,1310,983,316,5,1057,8550,5050,35,17.4,16,4333,27,-1.478214877
Missouri Western State College,MO,Public,1887,1870,848,8,3615,3900,2611,54,19,,4602,40,-1.209523409
Northeast Missouri State University,MO,Public,6040,4577,1620,36,5640,4856,3416,69,15.7,13,6601,76,1.50376115
College of the Ozarks,MO,Private,3258,338,326,9,1277,,1900,53,14.3,21,9192,87,-0.434299249
Southwest Baptist University,MO,Private,1093,1093,642,12,1770,7070,2500,52,15.9,13,4718,71,0.340924911
Southwest Missouri State University,MO,Public,6118,5254,3204,15,13131,4740,2590,70,19.9,11,4632,56,-0.046687169
Stephens College,MO,Private,450,405,194,17,614,13900,5200,46,10.9,17,9995,59,-0.492192335
University of Missouri at Columbia,MO,Public,6574,4637,2940,32,14782,9057,3485,87,12.7,15,10145,58,0.954675165
University of Missouri at Rolla,MO,Public,1877,1826,823,49,3926,9057,3600,88,14.4,23,9699,49,1.892549259
University of Missouri at Kansas City,MO,Public,1901,1340,655,33,3416,9501,3685,98,11.6,8,12453,44,0.72853699
Webster University,MO,Private,665,462,226,17,1739,9160,4340,68,20.6,14,6951,48,0.320254388
Westminster College,MO,Private,662,553,184,20,665,10720,4050,66,12.5,20,7925,62,0.493830206
William Jewell College,MO,Private,663,547,315,32,1279,10060,2970,74,11.2,19,7885,59,0.73659286
William Woods University,MO,Private,469,435,227,17,851,10535,4365,39,12.9,16,7438,52,-0.326304522
Missouri Baptist College,MO,Private,308,,110,5,606,5780,2650,52,17.9,,3493,32,-0.821911329
Alcorn State University,MS,Public,2928,1853,481,,2326,6616,,45,14.1,2,3913,35,-1.597135489
Blue Mountain College,MS,Private,75,75,47,,263,3660,2090,33,11.3,,5478,66,-1.209523409
Millsaps College,MS,Private,905,834,319,32,1073,11320,4402,82,12.7,38,11218,58,1.366967593
Mississippi College,MS,Private,594,385,307,36,1695,5580,2830,77,16.5,18,6170,61,0.340924911
Mississippi University for Women,MS,Public,480,405,380,19,1673,4386,2217,49,15.8,8,5704,63,0.340924911
Mississippi State University,MS,Public,4255,3277,1609,18,10094,9866,3084,77,15.9,20,6223,53,0.340924911
Mississippi Valley State University,MS,Public,2800,1090,580,10,2124,4306,2100,43,18.6,,4955,56,-2.372359648
Rust College,MS,Private,1328,673,282,25,1006,4000,2048,44,19.6,36,5103,49,-2.372359648
University of Southern Mississippi,MS,Public,2850,2044,1046,20,9260,4652,2470,78,18.7,23,5917,45,0.025297242
William Carey College,MS,Private,200,165,121,,1538,5115,2520,36,13.6,12,6986,19,-0.821911329
Carroll College,MT,Private,529,492,261,29,1093,8650,3815,49,14.1,,5862,58,0.097721956
Montana College of Mineral Sci. & Tech.,MT,Public,572,544,320,45,1470,6073,3400,71,16.4,31,6112,74,0.332796603
Montana State University,MT,Public,3500,2836,1779,15,8730,5552,3710,75,17.6,8,6324,37,0.138182398
Rocky Mountain College,MT,Private,560,392,270,11,743,8734,3362,56,11.3,27,6422,68,-0.613573662
University of Montana,MT,Public,3314,2809,1563,,7754,6311,3957,75,21.7,16,5862,30,-0.112268261
Western Montana College,MT,Public,376,256,256,,816,5658,3000,50,16.4,,4489,59,-1.209523409
North Carolina A. & T. State University,NC,Public,4809,3089,1429,12,6162,6806,1780,72,16.7,9,7090,44,-1.156992055
Appalachian State University,NC,Public,7313,4664,1910,20,9940,6806,2540,83,18.3,14,5854,70,0.065757684
University of North Carolina at Asheville,NC,Public,1757,979,394,32,2033,5972,3420,77,13,11,7011,37,0.712316594
Barton College,NC,Private,771,643,229,14,1135,7420,3440,55,13.7,7,5930,67,-1.035610728
Barber Scotia College,NC,Private,933,933,480,6,704,4045,2795,50,13.5,8,4431,34,-2.977711954
Belmont Abbey College,NC,Private,632,494,129,17,709,9000,4850,78,13.2,10,7550,52,-0.631006306
Bennett College,NC,Private,774,542,193,17,650,5600,3095,63,12.1,19,,44,-1.752941802
Campbell University,NC,Private,2087,1339,657,20,3191,7550,2790,77,21.8,34,3739,63,-0.428704095
Catawba College,NC,Private,1083,880,291,13,915,9270,4100,75,13.5,27,8425,55,-0.428704095
Davidson College,NC,Private,2373,956,452,77,1601,17295,5070,95,12,46,17581,94,2.393450577
Duke University,NC,Private,13789,3893,1583,90,6188,18590,5950,95,5,44,27206,97,2.878571801
East Carolina University,NC,Public,9274,6362,2435,14,13171,7248,3240,74,13.2,18,9002,58,-0.988643527
Elon College,NC,Private,3624,2786,858,11,2933,9100,3883,70,18.9,34,6329,63,-0.372059476
Fayetteville State University,NC,Public,1455,1064,452,1,2632,6806,2550,75,15.1,10,6972,24,-1.229820851
Gardner Webb University,NC,Private,1110,930,332,18,1603,8180,4270,65,15.2,12,5664,29,-1.102336847
Greensboro College,NC,Private,608,494,176,10,649,8330,3770,64,13,31,7949,39,-0.363967387
Guilford College,NC,Private,1202,1054,326,18,1410,13404,5160,78,15.6,30,9114,65,0.615211533
High Point University,NC,Private,1412,1149,347,11,2045,7550,4050,55,17.8,13,4947,62,-0.720019279
Lenoir-Rhyne College,NC,Private,979,743,259,25,1188,10100,4000,88,12,20,8539,66,-0.407225407
Mars Hill College,NC,Private,1056,873,385,15,1111,6950,3550,60,11.9,17,6786,69,-0.896392675
Montreat-Anderson College,NC,Private,263,223,103,10,316,8438,3372,42,11.1,4,11989,15,-0.807379702
North Carolina Wesleyan College,NC,Private,812,689,195,7,646,8242,4230,77,12.7,11,10090,52,-0.985405648
Pembroke State University,NC,Public,944,774,440,14,2174,6360,2760,77,15,5,6443,48,-1.213636674
Pfeiffer College,NC,Private,838,651,159,11,654,8640,3700,62,12.2,13,7634,48,-1.108439524
Queens College,NC,Private,516,392,154,32,630,11020,4970,73,14,36,9315,58,0.901672507
Salem College,NC,Private,335,284,132,28,534,10475,6300,68,11.2,46,9599,60,0.501922295
St. Andrews Presbyterian College,NC,Private,624,599,170,,612,10375,4575,79,13.8,,9332,56,-0.428704095
St. Augustine's College,NC,Private,3113,1786,457,24,1614,3850,3200,43,14,,,56,-1.254097116
North Carolina State University at Raleigh,NC,Public,10634,7064,3176,39,16505,8400,6540,92,17.5,21,9670,62,0.833661702
University of North Carolina at Chapel Hill,NC,Public,14596,5985,3331,75,14609,8400,4200,88,8.9,23,15893,83,1.238266124
University of North Carolina at Charlotte,NC,Public,5803,4441,1730,19,10099,7248,3109,79,16.8,7,6227,62,-0.386995186
University of North Carolina at Greensboro,NC,Public,5191,4134,1500,15,7532,8677,3505,75,15.5,17,7392,53,-0.096928469
Western Carolina University,NC,Public,3224,2519,1057,11,5000,6390,2380,67,14.6,9,6554,55,-0.81712434
University of North Carolina at Wilmington,NC,Public,6071,3856,1449,15,6635,7558,3680,82,19.1,15,6005,55,-0.350580788
Wingate College,NC,Private,1239,1017,383,10,1207,7820,3400,69,13.9,8,7264,91,-0.53305686
Winston-Salem State University,NC,Private,1065,801,385,,2069,6272,2762,67,13.5,4,8064,46,-1.569688565
Dickinson State University,ND,Public,434,412,319,10,1376,4486,2146,50,16.5,28,4525,46,-0.434299249
Jamestown College,ND,Private,472,410,262,14,9950,7620,3050,51,17,21,3186,54,-0.046687169
University of Mary,ND,Private,659,601,342,12,1476,6490,2660,26,18,,4460,48,-0.434299249
Mayville State University,ND,Public,233,233,153,5,658,4486,2516,68,15.7,11,6971,51,-0.821911329
University of North Dakota,ND,Public,2777,2249,1652,20,8334,5634,2703,97,15.9,16,9424,49,0.300024167
North Dakota State University,ND,Public,2968,2297,1610,13,7368,5834,2744,79,17,24,6310,42,0.461865935
Chadron State College,NE,Public,1024,1024,547,5,1830,2670,2668,62,25,27,4895,80,-0.434299249
Creighton University,NE,Private,2967,2836,876,30,3450,10628,4372,85,6.5,32,22906,85,1.11614907
Dana College,NE,Private,504,482,185,10,550,9130,3322,46,12.6,25,8686,54,-0.046687169
Doane College,NE,Private,793,709,244,20,1022,9570,3000,67,15.1,42,6852,60,0.340924911
Hastings College,NE,Private,817,708,262,22,935,9376,3272,57,13,17,7335,52,0.340924911
University of Nebraska at Kearney,NE,Public,2837,2697,1417,,5764,2550,2630,59,19,,4393,55,-0.434299249
Peru State College,NE,Public,701,501,458,10,959,2580,2624,48,20.1,24,4870,44,-0.821911329
University of Nebraska at Lincoln,NE,Public,6277,6003,3526,33,16454,5595,3145,86,15.1,48,6813,53,-0.055623642
Wayne State College,NE,Public,1373,1373,724,6,2754,2700,2660,60,20.3,29,4550,52,-0.821911329
Colby-Sawyer College,NH,Private,910,776,208,,618,14090,5395,,12.9,30,10802,72,-0.754781127
Dartmouth College,NH,Private,8587,2273,1087,87,3918,19545,6070,95,4.7,49,29619,98,2.840499635
Franklin Pierce College,NH,Private,5187,4471,446,3,1818,13320,4630,50,17.6,16,6418,51,-1.140807878
New Hampshire College,NH,Private,1498,1275,292,,1557,10608,4740,34,38.4,,5523,76,-1.229820851
Notre Dame College,NH,Private,379,324,107,15,500,9990,4900,44,12.1,26,4948,33,-1.237912939
Saint Anselm College,NH,Private,2095,1553,514,15,1873,12950,5400,70,14.5,29,6719,97,0.202478803
University of New Hampshire,NH,Public,9750,7640,2529,24,10358,11180,3862,89,17.5,16,7855,75,0.356228484
Keene State College,NH,Public,3121,2446,822,5,3480,7870,4157,73,16.1,13,6195,61,-0.655282571
Daniel Webster College,NH,Private,585,508,153,12,460,12292,4934,61,22.2,10,8643,72,-0.323506945
Thomas More Coll. of Liberal Arts,NH,Private,35,35,22,,59,7200,5200,80,11.8,81,8100,60,0.954675165
Caldwell College,NJ,Private,1011,604,213,17,693,8900,4600,87,13.9,25,7922,55,-0.396335741
Centenary College,NJ,Private,369,312,90,12,396,11400,5400,41,9.5,20,9583,24,-0.59658132
College of Saint Elizabeth,NJ,Private,444,359,122,34,493,10900,5250,68,11.4,23,9447,78,-0.145481
Drew University,NJ,Private,2153,1580,321,56,1192,18432,5616,93,10.2,28,14907,83,1.780436049
Georgian Court College,NJ,Private,348,281,127,12,1095,9150,3950,56,12.2,27,7348,76,-0.428704095
Rowan College of New Jersey,NJ,Public,3820,1431,695,21,5303,4356,4830,76,22.1,6,7252,51,0.162018361
Jersey City State College,NJ,Public,2957,1423,691,10,3817,3946,4800,63,14.9,10,8367,26,-1.035610728
Monmouth College,NJ,Private,2707,1881,478,14,1893,12480,5290,70,14.2,15,9492,54,-0.274954415
Montclair State University,NJ,Public,5220,2128,865,19,6411,3648,4834,82,21.5,9,6717,58,-0.40442783
New Jersey Institute of Technology,NJ,Public,1879,1216,483,27,3311,8832,5376,92,13.5,19,12529,72,0.79320126
Kean College of New Jersey,NJ,Public,3344,2322,1105,6,6804,2875,3840,76,17.2,,6001,40,-0.71192719
William Paterson College of New Jersey,NJ,Public,5485,2662,1108,9,5938,3135,4170,77,23.5,13,6391,38,-0.444888272
Princeton University,NJ,Private,13218,2042,1153,90,4540,19900,5910,91,8.4,54,28320,99,3.131814819
Rider University,NJ,Private,3586,2424,730,16,2748,13250,5420,84,12.3,23,11299,70,-0.226401884
Rutgers State University at Newark,NJ,Public,5785,2690,499,26,4005,7410,4748,90,17.4,16,11878,58,0.162018361
Seton Hall University,NJ,Private,4576,3565,1000,16,4384,12000,6484,81,14.4,15,10080,64,-0.242586061
Saint Peter's College,NJ,Private,1606,1413,530,23,1921,9408,5520,78,12.1,22,7669,53,-1.302649647
Stevens Institute of Technology,NJ,Private,1768,1249,380,51,1263,16900,5680,89,19,33,12837,79,1.659054723
Trenton State College,NJ,Public,5042,2312,944,55,5167,5391,5411,81,14.4,6,8504,81,1.157345239
Upsala College,NJ,Private,1540,1363,446,,950,12500,5260,72,14,,,43,-1.278373381
Rutgers State University at Camden,NJ,Public,3366,1752,232,27,2585,7411,4748,90,18.6,12,10134,57,0.53425443
Rutgers at New Brunswick,NJ,Public,48094,26330,4520,36,21401,7410,4748,90,19.5,19,10474,77,1.124976886
Fairleigh Dickinson University,NJ,Private,3148,1616,504,9,3553,11010,5400,77,16.7,8,9637,60,-0.347783211
Ramapo College of New Jersey,NJ,Public,2088,957,362,6,2745,4449,4860,74,17.8,8,7333,47,0.016360769
Stockton College of New Jersey,NJ,Public,4019,1579,710,23,4365,3040,4351,78,19.5,7,5599,64,0.590899049
College of Santa Fe,NM,Private,546,447,189,16,873,11138,4138,40,14,7,8820,80,-0.233245505
College of the Southwest,NM,Private,77,61,27,7,352,3120,3382,24,14.3,,3190,20,-1.082106626
New Mexico Highlands University,NM,Public,777,649,406,5,1630,5148,2380,72,17.4,,7664,28,-1.984747569
New Mexico Institute of Mining and Tech.,NM,Public,787,601,233,40,1017,5376,3214,99,13.7,11,9241,34,1.50376115
New Mexico State University,NM,Public,4119,3200,1663,,9673,6432,3148,76,19.6,,6106,40,-0.046687169
Western New Mexico University,NM,Public,1054,1054,470,5,1495,4652,2260,55,15.5,8,,47,-1.984747569
Univ. of New Mexico-Main Campus,NM,Public,3871,3349,1891,27,12257,7115,3516,91,14.3,,8209,34,-0.046687169
University of Nevada at Reno,NV,Public,2868,2409,1524,,5916,6490,4560,78,15.4,12,10407,54,-0.217465411
University of Nevada-Las Vegas,NV,Public,,2786,1595,25,7969,6490,4952,76,14.8,14,8139,37,-0.480054203
Sierra Nevada College,NV,Private,200,160,100,5,300,7500,4500,45,7.5,,,29,-0.896796757
Adelphi University,NY,Private,2186,1924,512,16,2683,12280,6450,29,12.2,16,10527,56,-0.08883638
Dowling College,NY,Private,1011,829,410,9,1059,9000,3100,77,12.4,7,11178,42,-1.316373108
Cazenovia College,NY,Private,3847,3433,527,9,1010,9384,4840,22,14.3,20,7697,118,-1.361283677
CUNY-Brooklyn College,NY,Public,3589,2992,1367,15,7767,5050,,83,15.6,,7581,43,-0.420612006
CUNY - City College,NY,Public,3788,2747,1269,20,8071,5050,,78,12.8,10,9002,34,-0.606730041
CUNY-Hunter College,NY,Public,6189,3212,1418,14,8140,5050,,62,14.1,28,7216,39,-0.995150286
CUNY - Queens College,NY,Public,4681,3627,1749,12,8837,5250,,100,12.5,11,7488,46,-0.493440802
Clarkson University,NY,Private,2174,1953,557,35,2332,15960,5580,95,15.8,32,11659,77,1.31109492
Colgate University,NY,Private,4856,2492,727,46,2649,19510,5565,95,10.5,45,15494,93,1.827812551
College of Mount St. Vincent,NY,Private,946,648,177,23,707,11790,5770,75,11.9,35,10015,83,0.008708983
Columbia University,NY,Private,6756,1930,871,78,3376,18624,6664,97,5.9,21,30639,99,2.686749955
Barnard College,NY,Private,2496,1402,531,53,2121,17926,8124,83,10.3,33,12580,91,2.03938288
Concordia College,NY,Private,303,198,101,10,443,9370,4330,50,9.5,,10497,53,-0.533901245
Cooper Union,NY,Private,2339,307,197,,959,,8700,67,8.1,36,18798,95,3.010433492
D'Youville College,NY,Private,866,619,157,18,1074,8920,4310,68,14.6,42,6898,46,-0.16891288
Elmira College,NY,Private,1457,1045,345,27,1109,14990,4980,77,21.5,21,7502,64,0.134136354
Fordham University,NY,Private,4200,2874,942,30,4740,14235,6965,86,14.4,14,10864,80,0.590899049
Hamilton College,NY,Private,3140,1783,454,40,1646,19700,5050,91,9.6,60,17761,91,1.246358212
Hartwick College,NY,Private,2083,1725,430,22,1464,17480,4780,75,12.3,32,11625,73,0.308116255
Hofstra University,NY,Private,7428,5860,1349,25,6534,11600,5920,81,13.9,10,10093,60,0.534290649
Houghton College,NY,Private,949,786,302,30,1210,9990,3550,85,15,24,8187,67,0.667810108
Iona College,NY,Private,4892,3530,913,13,3906,10690,6790,66,16,14,8107,66,-1.013323874
Keuka College,NY,Private,461,381,174,10,738,9600,4550,55,13.3,43,7863,51,-0.112268261
Manhattan College,NY,Private,2432,1730,563,20,2578,12370,6800,92,13.6,25,10062,79,0.307675953
Manhattanville College,NY,Private,962,750,212,21,830,14700,6550,97,11.3,24,11291,70,0.453333545
Marist College,NY,Private,4731,3171,830,12,3557,10700,5925,74,17.6,34,8408,69,0.647175804
Marymount College Tarrytown,NY,Private,478,327,117,9,731,11510,6450,71,10.3,30,10502,77,-0.420612006
Marymount Manhattan College,NY,Private,695,535,239,21,988,10200,7000,63,11.7,20,10622,68,0.331988438
Molloy College,NY,Private,481,401,185,16,1402,8800,,38,9.7,13,3822,80,-0.525809156
Mount Saint Mary College,NY,Private,1170,695,238,14,1170,7470,4600,74,15.3,23,6898,88,-0.879804415
Nazareth College of Rochester,NY,Private,947,798,266,36,1274,10850,5150,77,13.6,24,8797,61,0.63139571
New York University,NY,Private,13594,7244,2505,70,12408,17748,7262,87,7.8,16,21227,71,1.440568335
Nyack College,NY,Private,460,283,160,15,508,7950,3810,35,11.6,,9685,55,-0.471962114
Pace University,NY,Private,8256,3750,1522,37,5809,11000,5160,90,13.8,10,10059,62,-0.080744292
Polytechnic University,NY,Private,1132,847,302,58,1379,16200,4200,90,10.4,14,14329,62,1.149253151
Pratt Institute,NY,Private,1181,903,292,,1622,13975,6740,,10.8,10,13737,58,-0.145481
Rensselaer Polytechnic Institute,NY,Private,4996,4165,936,53,4291,17475,5976,94,15.4,21,15605,70,2.27898531
Roberts Wesleyan College,NY,Private,459,422,212,,932,10220,3546,45,13.4,21,7592,46,-0.221107373
Rochester Institute of Technology,NY,Private,4704,3798,1381,30,7176,13968,5670,,10.8,7,13508,68,1.184895603
Sage Colleges,NY,Private,419,170,373,,1022,,,105,8.2,,7194,64,0.041481419
Sarah Lawrence College,NY,Private,1380,768,263,57,1000,19300,6694,89,6.1,18,14779,83,1.472936689
Skidmore College,NY,Private,4293,2728,591,25,2322,18710,5970,87,12.7,29,14837,81,1.051780226
Siena College,NY,Private,2961,1932,628,24,2669,10800,5100,71,14.1,42,8189,100,0.700178462
St. Bonaventure University,NY,Private,1489,1313,375,13,1688,10456,4927,91,17.7,32,9828,78,0.740234821
St. John Fisher College,NY,Private,1368,1064,354,19,1687,10570,5600,86,14.5,29,7908,66,0.065757684
St. John's University,NY,Private,7775,2836,2412,,11785,9400,,72,29.3,,7435,65,-0.291138591
St. Joseph's College,NY,Private,707,512,222,17,1671,7350,,52,13.6,21,5961,74,-0.811021663
St. Lawrence University,NY,Private,2753,1820,505,31,1801,18720,5730,90,11.5,38,14980,85,0.930766763
St. Thomas Aquinas College,NY,Private,861,609,215,10,1117,8650,5700,69,16.1,13,6534,67,-1.156992055
SUNY at Albany,NY,Public,13528,9198,1843,16,10168,6550,4355,93,17.4,16,9075,74,0.955043028
SUNY at Binghamton,NY,Public,14463,6166,1757,60,8544,6550,4598,83,18,15,8055,80,1.480256831
SUNY at Stony Brook,NY,Public,12512,6969,1724,27,9744,6550,4712,91,10.5,7,13705,57,0.307675953
SUNY College  at Brockport,NY,Public,7294,3564,904,7,5758,6550,4460,79,19,14,6632,49,-0.087991996
SUNY College at Buffalo,NY,Public,5318,3515,1025,8,7626,6550,4040,71,18.7,12,7511,42,-0.841400605
SUNY College at Cortland,NY,Public,7888,3519,1036,6,5011,6550,4680,82,17.8,17,5563,53,0.235287459
SUNY College at Fredonia,NY,Public,4877,2798,814,13,4123,6550,4420,82,16.3,10,6442,66,0.287886034
SUNY College at Geneseo,NY,Public,8598,4562,1143,56,5060,6550,4170,79,19.1,25,5716,76,1.484302875
SUNY College at New Paltz,NY,Public,8399,3609,656,19,4658,6550,4240,85,15.3,8,6608,53,0.558566914
SUNY College at Oneonta,NY,Public,7500,4350,872,,4627,6550,4952,70,17.1,13,6111,60,-0.007071112
SUNY College  at Oswego,NY,Public,8000,4556,1464,17,6943,6550,4810,69,22,21,5280,63,0.615211533
SUNY College at Plattsburgh,NY,Public,5549,3583,853,9,5004,6550,4176,80,17.9,16,6174,65,0.025297242
SUNY College at Potsdam,NY,Public,3150,2289,650,16,3598,6840,4660,71,15.1,17,6436,59,0.461865935
Utica College of Syracuse University,NY,Private,1278,978,256,,1525,12680,4924,64,12.3,7,8344,65,0.997969403
Union College,NY,Private,3495,1712,528,49,1915,18732,6204,94,11.5,49,15411,88,2.27898531
United States Military Academy,NY,Public,13703,1610,1212,59,4229,,,37,8.8,,46477,95,2.122769697
Vassar College,NY,Private,3550,1877,653,53,2164,18920,5950,90,9.7,39,17089,90,1.997746409
Wagner College,NY,Private,1416,1015,417,10,1324,13500,5800,67,13.2,23,9006,75,0.178202538
Wells College,NY,Private,318,240,130,40,416,14900,5550,93,8.3,42,13935,69,0.817513744
Yeshiva University,NY,Private,1002,857,606,,1948,12584,4192,86,5.2,38,22724,63,1.667146811
CUNY-York College,NY,Public,1432,1432,706,5,3932,5050,,75,18.9,,5383,26,-1.755806599
Long Island University at Brooklyn,NY,Private,3292,1317,707,,3520,10258,5570,75,21.6,,,61,-1.116531612
SUNY College at Purchase,NY,Public,2119,1264,390,5,2478,6550,4760,80,14.9,8,8170,46,-0.129296823
CUNY-Lehman College,NY,Public,1897,1384,768,9,4890,5050,,80,15.3,1,7177,30,-1.537320211
SUNY at Buffalo,NY,Public,15039,9649,3087,36,13963,6550,4731,90,13.6,15,11177,56,0.679912021
CUNY- Medgar Evers College,NY,Public,1289,1289,644,1,2343,2600,,64,16.5,,6324,36,-2.492186647
New School for Social Research,NY,Private,1914,1190,634,,2609,14710,8020,69,10.2,9,13578,59,0.979319294
CUNY-College of Staten Island,NY,Public,2170,2170,1433,9,5949,5050,,71,17.6,1,6154,48,-0.995150286
Ashland University,OH,Private,1454,1267,424,20,1874,11431,4684,43,17.4,,9090,66,-0.702586635
Baldwin-Wallace College,OH,Private,1690,1366,662,30,2718,10995,4410,68,17.6,20,8086,85,0.287886034
Bluffton College,OH,Private,692,514,209,20,760,9900,3990,76,13.3,19,9073,58,0.186734928
Bowling Green State University,OH,Public,9251,7333,3076,14,13699,7452,3352,81,21.1,14,6918,67,-0.112268261
Capital University,OH,Private,1747,1382,449,34,1662,13050,4000,64,12.1,27,9557,83,0.340924911
Cedarville College,OH,Private,1307,1090,616,25,2196,7344,4410,50,15.3,34,6897,64,0.534290649
Cleveland State University,OH,Public,2407,2296,1304,5,7749,6462,,91,18.5,6,7649,35,-0.896392675
College of Mount St. Joseph,OH,Private,798,620,238,14,1165,9800,4430,46,11.1,35,6889,100,-0.411271451
Franciscan University of Steubenville,OH,Private,553,452,228,22,1301,9650,4400,57,14.9,8,6336,83,0.510014383
College of Wooster,OH,Private,2100,1883,553,29,1704,16240,4690,84,11.1,43,14140,69,0.898434629
Defiance College,OH,Private,571,461,174,10,645,10850,3670,58,12.8,19,7505,56,-0.819921917
Heidelberg College,OH,Private,738,687,241,20,964,13780,4410,68,12.5,,9268,65,-0.217465411
Hiram College,OH,Private,922,729,244,37,1000,14067,4560,75,10.6,34,12165,79,0.696132418
John Carroll University,OH,Private,2421,2109,820,27,3168,11700,5550,89,14.5,28,7738,89,0.554924952
Kent State University,OH,Public,9210,3040,7425,10,15615,7854,3666,81,20.8,,6397,46,-0.548836954
Kenyon College,OH,Private,2212,1538,408,44,1445,19240,3690,95,11.1,46,14067,88,1.734753534
Lourdes College,OH,Private,57,55,32,17,435,6992,,17,9.6,8,7256,46,-1.209523409
Malone College,OH,Private,874,758,428,21,1605,9858,3700,42,17.6,16,4796,55,-0.443639805
Mount Union College,OH,Private,1310,1086,458,26,1365,12250,3530,85,16.7,35,7215,81,0.340924911
Muskingum College,OH,Private,1109,922,375,24,1115,13240,3914,73,13.4,27,9333,73,-0.193189146
Oberlin College,OH,Private,4778,2767,678,50,2587,19670,5820,77,10.1,47,16593,83,2.34894409
Ohio Northern University,OH,Private,2936,2342,669,35,2502,15990,4080,73,14.5,31,9979,83,0.518106472
Ohio University,OH,Public,11023,8298,3183,21,14861,7629,4095,79,20.4,13,8811,64,0.465507897
Ohio Wesleyan University,OH,Private,2190,1700,458,36,1780,16732,5650,93,12.1,32,12011,75,1.104378801
Otterbein College,OH,Private,1496,1205,428,26,1648,12888,4440,62,13.9,30,8802,87,0.72853699
Tiffin University,OH,Private,845,734,254,5,662,7600,3800,59,19,40,5096,39,-1.769934144
University of Akron,OH,Public,6305,5190,3211,,12487,7650,3844,71,16.7,18,6025,43,-0.76691926
University of Cincinnati,OH,Public,6855,5553,2408,26,11036,8907,4697,89,10.8,6,13889,54,0.287886034
University of Dayton,OH,Private,6361,5293,1507,26,5889,11380,4220,81,14.8,25,8894,93,1.019411872
University of Toledo,OH,Public,3055,2959,1527,,15428,7441,3719,81,20.4,5,6124,48,-0.47965012
Ursuline College,OH,Private,325,260,86,21,699,9600,4202,39,10.5,15,7164,68,-0.743047077
Walsh University,OH,Private,1092,890,477,27,847,8670,4180,42,11.3,33,5738,68,-0.046687169
Wittenberg University,OH,Private,1979,1739,575,42,1980,15948,4404,82,12.8,29,10414,78,1.096286713
Xavier University,OH,Private,1959,1805,695,24,2849,11520,4960,73,13.3,31,9189,83,0.47764603
Youngstown State University,OH,Public,3297,2903,1907,13,9633,4536,3675,71,18,1,5483,50,-0.821911329
Mount Vernon Nazarene College,OH,Private,510,485,334,18,1114,7400,3346,57,19.8,7,6869,58,-0.046687169
Antioch University,OH,Private,713,661,252,25,712,15476,3336,69,11.3,35,42926,48,0.510014383
Southern Nazarene University,OK,Private,538,538,319,,1317,6293,3717,65,20.8,,6388,44,-0.434299249
Cameron University,OK,Private,1782,1695,1238,15,3302,4017,2400,55,19.9,,3823,36,-1.209523409
University of Central Oklahoma,OK,Public,3398,3191,1326,9,7517,1928,2150,65,22.8,,3709,31,-0.434299249
Northeastern State University,OK,Public,1378,1182,,,4952,2280,2280,62,20.2,,3964,25,-0.434299249
Oklahoma Baptist University,OK,Private,758,681,484,35,1707,5390,3140,63,15.1,18,5511,50,0.72853699
Oklahoma Christian University,OK,Private,776,765,351,22,1419,6400,3150,58,16.2,8,6578,45,-0.217465411
Oklahoma City University,OK,Private,940,653,275,30,1613,,,59,14.6,13,7454,40,0.429497582
University of Sci. and Arts of Oklahoma,OK,Public,285,280,208,21,1140,3687,1920,67,23.6,3,3864,43,-0.821911329
Oklahoma State University,OK,Public,4522,3913,2181,29,12830,5336,3344,84,15.3,14,6433,48,0.562612958
Oklahoma Panhandle State University,OK,Public,350,343,251,8,1117,3274,1800,58,18.1,,4572,29,-0.821911329
Phillips University,OK,Private,692,576,174,19,597,10500,3860,58,11.6,19,8990,39,-0.346938826
Southeastern Oklahoma State Univ.,OK,Public,818,700,447,20,2962,3738,2619,55,19.6,9,4444,53,-0.821911329
University of Oklahoma,OK,Public,4743,3970,2233,32,13436,5173,3526,86,11.5,11,10244,44,0.72853699
University of Tulsa,OK,Private,1712,1557,696,41,2936,11750,4160,94,11.5,10,11743,47,0.902480673
Oral Roberts University,OK,Private,1223,650,632,13,2645,7950,3994,51,15.5,,7885,45,0.340484609
Western Baptist College,OR,Private,259,219,118,,513,9200,4000,23,16.8,14,7269,51,-1.092255347
Concordia College,OR,Private,299,206,81,26,811,9600,3150,56,14.3,,5976,41,-0.879804415
George Fox College,OR,Private,809,726,294,27,1271,12500,4130,53,13.5,22,7136,52,-0.064560115
Linfield College,OR,Private,1561,1188,458,48,1548,13380,4210,89,17.8,34,8747,81,0.893984502
Oregon State University,OR,Public,4675,3948,1637,,10332,7890,3444,88,13.9,,9383,45,-0.035393421
Oregon Institute of Technology,OR,Public,491,447,271,,1774,8676,3560,20,14.7,,7556,41,-0.525809156
Pacific University,OR,Private,943,849,288,41,1041,14210,3994,76,10.9,22,11216,42,0.578797135
Portland State University,OR,Public,1623,1574,837,,6194,,4365,78,20,18,6618,24,-0.298386295
Reed College,OR,Private,1966,1436,327,47,1199,19960,5490,90,11.8,37,15886,68,2.219874758
University of Portland,OR,Private,1758,1485,419,27,2041,12040,4100,92,13.2,17,9060,72,0.267215511
Warner Pacific College,OR,Private,112,87,53,,503,7940,4032,39,12.9,,7516,29,-0.593343441
Willamette University,OR,Private,1658,1327,395,49,1595,14800,4620,91,13.3,37,10779,68,1.092240668
Albright College,PA,Private,1038,839,227,30,973,15595,4400,79,11.3,23,11644,80,0.586889224
Alvernia College,PA,Private,707,614,168,10,801,8374,4000,42,10.8,12,6100,72,-1.316373108
Beaver College,PA,Private,1163,850,348,23,878,12850,5400,78,12.2,30,8954,73,-0.024099673
Bryn Mawr College,PA,Private,1465,810,313,71,1088,18165,6750,100,12.3,49,17449,89,2.363066417
Cabrini College,PA,Private,599,494,224,8,1035,10518,6250,59,16.5,36,7117,71,-0.930413578
Carnegie Mellon University,PA,Private,8728,5201,1191,60,4265,17900,5690,86,9.2,31,24386,74,2.215828714
Cedar Crest College,PA,Private,776,607,198,25,791,14340,5285,58,11.7,39,10961,74,-0.249429682
Chatham College,PA,Private,212,197,91,28,471,13500,5230,95,9.3,37,16095,52,-0.007071112
Chestnut Hill College,PA,Private,342,254,126,25,518,10335,5015,71,8.3,29,7729,73,0.000176592
Delaware Valley College,PA,Private,1383,1199,435,15,1380,11645,4530,,19.3,26,6970,65,-0.444888272
Drexel University,PA,Private,3451,2934,1118,23,5306,12348,6180,,13.1,18,9583,61,0.380504749
Eastern College,PA,Private,458,369,165,16,1057,11190,4800,60,13.6,22,8135,54,0.020847115
Elizabethtown College,PA,Private,2417,1843,426,36,1476,14190,4400,65,12.8,25,9815,81,0.566622783
Franklin and Marshall College,PA,Private,3270,2120,508,46,1748,24940,,93,10.9,34,15797,86,1.286046708
Gannon University,PA,Private,2464,1908,678,24,2693,10970,4280,47,13.3,18,7711,65,0.227195371
Geneva College,PA,Private,668,534,237,19,1306,9476,4820,67,20.1,26,6786,74,-0.047531554
Grove City College,PA,Private,2491,1110,573,57,2213,5224,3048,65,18.4,18,4957,100,1.657878694
Gwynedd Mercy College,PA,Private,380,237,104,30,716,11000,5550,36,7.8,22,7483,96,0.016360769
Immaculata College,PA,Private,268,253,103,16,494,10000,5364,56,11.2,33,7305,69,-0.954689844
Indiana University of Pennsylvania,PA,Public,6373,3264,1625,19,11375,7352,2906,77,20.6,20,6760,63,-0.218309795
Juniata College,PA,Private,1005,859,298,36,1075,14850,4460,97,12.7,37,12067,80,0.801293348
King's College,PA,Private,1456,1053,381,20,500,10910,5160,66,15.6,37,7649,87,-0.072652204
La Salle University,PA,Private,2929,1834,622,20,2738,12600,5610,90,15.1,9,9084,84,0.663727845
Lebanon Valley College,PA,Private,1386,1060,320,28,965,13850,4755,84,12.3,30,8196,85,0.162018361
Lincoln University,PA,Public,1660,1091,326,15,1196,4818,3400,71,12.6,8,10912,45,-1.569688565
Lycoming College,PA,Private,1286,1005,363,16,1363,13900,4300,75,14,32,8024,72,-0.31416639
Marywood College,PA,Private,1107,859,323,13,1452,11040,4500,65,11.8,30,9034,66,-0.396335741
Messiah College,PA,Private,1742,1382,607,30,2258,10300,5080,68,14.1,30,7762,89,0.679948241
Muhlenberg College,PA,Private,2519,1836,462,30,1656,16975,4565,76,12.8,39,10888,83,0.781099346
Widener University,PA,Private,2139,1492,502,24,2186,12350,5370,88,12.6,19,9603,63,-0.232841423
Bloomsburg Univ. of Pennsylvania,PA,Public,6773,3028,1025,15,5847,7844,2948,66,18,19,7041,75,0.17011045
California University of Pennsylvania,PA,Public,2746,1505,1028,14,4787,6312,2940,53,16.3,,6912,58,-1.310741735
East Stroudsburg University of Penn.,PA,Public,3812,2227,818,4,3947,,3256,66,19.4,,7839,54,-0.582453775
Kutztown University of Penn.,PA,Public,5880,2840,1136,12,5866,8285,2970,58,19.4,,6552,57,-0.08883638
Lock Haven University of Pennsylvania,PA,Public,3570,2215,651,17,3390,7352,3620,47,16.1,14,6374,63,0.016360769
Millersville University of Penn.,PA,Public,6011,3075,960,22,5146,7844,3830,72,16.8,20,7832,71,0.372412661
Shippensburg University of Penn.,PA,Public,5818,3281,1116,14,5268,7844,3504,80,18.8,13,6719,72,0.234847157
West Chester University of Penn.,PA,Public,6502,3539,1372,11,7484,7844,4108,76,15.3,16,6773,52,-0.185941442
University of the Arts,PA,Private,974,704,290,5,1145,12520,3860,16,7.5,9,11641,57,-0.590545864
Philadelphia Coll. of Textiles and Sci.,PA,Private,1538,1259,468,19,1664,11690,5062,48,12.9,15,8028,68,-0.307322768
Point Park College,PA,Private,875,744,207,7,1173,9700,4830,45,14.5,10,7652,66,-0.7268629
Robert Morris College,PA,Private,907,771,387,,2621,6540,4326,58,18.5,7,5266,58,-0.876162454
Saint Joseph's University,PA,Private,2519,2003,776,39,2473,12750,6350,84,17.4,13,8243,83,0.590899049
Swarthmore College,PA,Private,3203,1255,413,81,1387,19124,6584,93,8.8,58,23975,95,2.702934132
Temple University,PA,Public,7987,5145,2399,15,14726,10096,5282,87,11.2,,12231,45,-0.04028385
Thiel College,PA,Private,1154,951,253,15,791,11172,4958,68,11.6,16,9186,60,-0.839748056
University of Pennsylvania,PA,Private,12394,5232,2464,85,9205,17020,7270,95,6.3,38,25765,93,2.571476523
University of Pittsburgh-Main Campus,PA,Public,8586,6383,2503,25,13138,10786,4560,93,7.8,10,13789,66,0.396688926
University of Scranton,PA,Private,4471,2942,910,29,3674,11584,5986,83,14.1,41,9131,92,0.825569613
Ursinus College,PA,Private,1399,1026,308,44,1131,14900,5160,82,11.6,40,12082,79,0.898398409
Villanova University,PA,Private,7759,5588,1477,30,6362,15925,6507,89,13.4,24,10458,96,1.286818655
Westminster College,PA,Private,996,866,377,29,1411,12065,3615,62,12.5,41,8596,80,0.493830206
Wilson College,PA,Private,167,130,46,16,199,11428,5084,67,8.3,43,10291,67,-0.307322768
York College of Pennsylvania,PA,Private,2989,1855,691,28,2988,4990,3560,75,18.1,28,4509,99,0.145834184
Allentown Coll. of St. Francis de Sales,PA,Private,1179,780,290,38,1130,9690,4785,60,13.3,21,7940,74,0.137742096
La Roche College,PA,Private,361,321,185,10,650,8842,4782,57,14.2,14,7022,52,-1.456399327
Pennsylvania State Univ. Main Campus,PA,Public,19315,10344,3450,48,28938,10645,4060,77,18.1,19,8992,63,0.930766763
Clarion University of Pennsylvania,PA,Public,2740,2497,1188,,4828,7844,2924,61,19.2,19,5556,63,-0.873768959
Brown University,RI,Private,12586,3239,1462,87,5643,19528,5926,99,7.6,39,20440,97,2.482867632
Bryant College,RI,Private,2198,1786,632,15,2556,12600,6410,84,19,,8353,82,0.121557919
Providence College,RI,Private,5139,3346,973,20,3717,14400,6200,66,18.4,35,8135,96,0.776649219
Rhode Island School of Design,RI,Private,1831,842,379,17,1846,16684,6672,27,10,22,11622,96,0.736556641
Salve Regina University,RI,Private,1475,1257,362,7,1393,14200,6500,64,9.6,21,9232,71,-0.752387633
University of Rhode Island,RI,Public,9643,7751,1968,12,8894,10330,5558,84,16.6,7,9158,63,-0.032191761
Roger Williams University,RI,Private,3304,2804,679,10,2111,12520,6050,44,16.4,8,7957,61,-0.865676871
Charleston Southern University,SC,Private,1199,904,397,,1533,7730,3170,60,19.2,,5825,39,-0.169757265
Central Wesleyan College,SC,Private,174,146,88,8,1047,8300,3080,62,15.2,18,3365,58,-1.425616302
Clemson University,SC,Public,8065,5257,2301,37,11755,8116,3610,82,18,17,7597,73,0.679912021
Coker College,SC,Private,604,452,295,15,690,9888,4502,64,12.1,39,8741,75,-0.550085422
College of Charleston,SC,Public,4772,3140,1265,22,6851,6120,3460,73,17.2,18,4776,51,0.183092967
Columbia College,SC,Private,737,614,242,21,968,10425,3975,61,14.7,34,8693,76,-0.606730041
Erskine College,SC,Private,659,557,167,47,532,10485,3840,76,13.5,47,7527,67,0.372412661
Furman University,SC,Private,2161,1951,685,56,2371,13440,4048,92,13.5,28,12940,82,1.165437328
Lander University,SC,Public,1166,1009,510,9,2074,4938,2987,67,17,11,6119,51,-1.23140618
Newberry College,SC,Private,872,722,154,14,601,10194,2600,57,11.4,32,5788,83,-0.750735083
Presbyterian College,SC,Private,1082,832,302,34,1133,11859,3635,80,13.4,42,8354,85,1.286046708
University of South Carolina at Columbia,SC,Public,7693,5815,2328,30,12594,8074,3522,84,16.9,18,8246,63,0.045527463
University of South Carolina at Aiken,SC,Public,848,560,377,14,1855,5800,3066,62,14.8,3,5035,48,-0.471962114
Voorhees College,SC,Private,1465,1006,188,10,703,4450,2522,43,22.9,3,5861,58,-2.391812706
Winthrop University,SC,Public,2320,1805,769,24,3395,6400,3392,71,12.8,26,6729,59,-0.725650652
Wofford College,SC,Private,1501,935,273,51,1059,12680,4150,91,15.3,42,7875,75,0.821559788
Univ. of South Carolina at Spartanburg,SC,Public,885,553,381,13,2207,5739,,70,15.9,13,5307,38,-1.001185742
Francis Marion University,SC,Public,1801,1655,819,13,3224,5840,3138,76,19.1,8,5039,43,-1.059886993
Dakota Wesleyan University,SD,Private,342,182,135,12,538,7540,2710,38,11.4,,7334,75,-0.821911329
Dakota State University,SD,Public,385,358,229,5,988,3222,2604,47,19.4,,5291,35,-0.821911329
Mount Marty College,SD,Private,279,276,126,17,600,6844,2980,45,11.7,38,5073,44,-0.821911329
Northern State University,SD,Public,2056,2054,2054,10,2239,3437,2202,68,20.2,,5252,54,-0.821911329
Sioux Falls College,SD,Private,437,400,211,13,614,8990,3064,73,14.8,7,7881,48,-0.046687169
South Dakota State University,SD,Public,2807,2589,1701,13,7000,3811,2190,62,15,29,5084,67,0.340924911
Austin Peay State University,TN,Public,2863,2154,1179,,4772,5550,2930,66,18.2,8,5087,36,-0.434299249
Belmont University,TN,Private,1220,974,481,28,1964,7800,3664,61,11.1,19,7614,49,0.542382737
Carson-Newman College,TN,Private,1096,951,464,27,1776,8150,3150,61,13.6,16,6716,67,0.340924911
Christian Brothers University,TN,Private,880,520,224,16,1068,9300,3260,81,11.1,24,8129,63,0.534290649
David Lipscomb University,TN,Private,1239,1134,611,,1957,5775,3340,97,16.2,12,8048,73,0.219103282
East Tennessee State University,TN,Public,3330,2730,1303,15,6706,5800,3000,73,14,9,9825,42,-0.694494546
Fisk University,TN,Private,1078,720,226,24,850,6240,3690,74,12.5,22,6911,43,-0.569067176
Freed-Hardeman University,TN,Private,895,548,314,20,1174,5500,3340,68,16.1,13,6078,62,-0.124406394
Lambuth University,TN,Private,831,538,224,15,840,5170,3430,61,16.1,10,5531,60,-0.046687169
Lee College,TN,Private,651,498,453,,1831,4788,3320,42,18.5,5,4914,52,-0.427455628
Lincoln Memorial University,TN,Private,787,562,363,21,925,5950,2890,67,14.6,35,5177,53,0.340924911
Maryville College,TN,Private,1464,888,176,26,624,11200,4208,80,11.1,43,8317,51,0.109860088
University of Memphis,TN,Public,3921,2557,1691,,10621,5908,2500,77,16.9,11,6578,33,-0.046687169
Middle Tennessee State University,TN,Public,4587,3423,2132,,12541,5550,2352,69,19.2,10,4902,39,-0.516064518
Milligan College,TN,Private,610,461,189,26,685,8200,3300,63,12,16,8128,64,0.340924911
Tennessee Wesleyan College,TN,Private,232,182,99,7,402,7070,3640,59,8.9,16,6286,36,-1.243948395
Tusculum College,TN,Private,626,372,145,12,983,7700,3400,70,21.9,28,4933,52,-1.324869279
University of Tennessee at Chattanooga,TN,Public,2091,1338,991,,5359,5800,3304,76,16.8,,6339,39,-0.046687169
University of Tennessee at Knoxville,TN,Public,7473,5372,3013,27,15749,5764,3262,86,16.5,22,8612,53,0.271701857
University of Tennessee at Martin,TN,Public,1934,1500,1123,,4669,5832,2890,68,19.6,10,5396,48,-0.046687169
University of the South,TN,Private,1445,966,326,46,1129,15350,4080,89,10.3,52,18784,82,1.714523313
Vanderbilt University,TN,Private,7791,4690,1499,71,5500,17865,6525,93,5.8,26,23850,83,2.074217166
Abilene Christian University,TX,Private,1660,1232,721,23,2885,7440,3300,70,18.1,12,7041,60,-0.046687169
Angelo State University,TX,Public,3540,2001,1016,24,4190,5130,3592,60,23.1,5,4010,34,-0.096084084
Austin College,TX,Private,948,798,295,42,1120,11280,4342,81,13,33,11361,71,0.704224506
Concordia Lutheran College,TX,Private,232,216,106,16,534,6900,3800,67,12.1,9,6875,42,-0.803333658
Dallas Baptist University,TX,Private,360,314,155,37,848,5400,3270,48,14.4,1,7081,87,-0.16891288
East Texas Baptist University,TX,Private,379,341,265,10,1050,4950,2780,62,15.7,7,5619,38,-0.434299249
East Texas State University,TX,Public,2219,1441,719,,4129,5390,3380,87,21.8,9,5073,35,-0.581205308
Hardin-Simmons University,TX,Private,467,424,350,16,1365,6300,2980,75,13.7,10,7054,38,0.025297242
Howard Payne University,TX,Private,516,454,322,13,1201,5190,2992,59,12.7,6,5684,37,-0.835702011
Houston Baptist University,TX,Private,413,330,215,,1247,5400,2340,65,14,,5438,56,-0.177004969
Incarnate Word College,TX,Private,1163,927,386,16,1685,8840,4689,67,11.4,21,6095,95,-0.407225407
Lamar University,TX,Public,2336,1725,1043,10,5438,4752,3040,48,18.4,12,5879,26,-0.799287613
LeTourneau University,TX,Private,477,417,204,29,1532,8840,4240,58,20.8,23,6863,56,0.667810108
Lubbock Christian University,TX,Private,550,500,275,9,863,6612,2954,39,11.9,8,5367,39,-0.434299249
McMurry University,TX,Private,578,411,187,25,880,6930,3452,57,11,11,6383,32,-0.459823982
University of North Texas,TX,Public,4418,2737,2049,23,14047,4104,3579,86,22.6,6,5657,35,0.271701857
Our Lady of the Lake University,TX,Private,2308,1336,295,22,1202,8530,3644,56,14.9,25,7114,37,-1.02751864
Sam Houston State University,TX,Public,4839,3549,1577,41,8901,5130,2970,76,27.2,,4029,43,-0.434299249
Schreiner College,TX,Private,584,413,131,19,521,8955,5900,51,11.8,23,8545,52,-0.338846738
Southwest Texas State University,TX,Public,8532,5316,2421,14,13806,4860,3676,70,21.2,13,4056,39,-0.463870026
Southwestern Adventist College,TX,Private,321,318,172,11,620,7536,3736,44,13,12,5309,36,-0.840152138
Southwestern University,TX,Private,1244,912,352,44,1177,11850,4675,83,11.3,35,12995,67,1.104378801
St. Edward's University,TX,Private,1272,1012,375,20,1732,9428,4070,76,15.7,16,7037,46,-0.213419367
St. Mary's University of San Antonio,TX,Private,1243,1020,414,33,2149,8678,3858,82,16.2,7,7651,72,-0.0151632
Stephen F. Austin State University,TX,Public,5870,4461,2272,12,9851,4860,3610,85,21.4,3,3997,50,-0.334396611
Sul Ross State University,TX,Public,,,305,7,1535,3888,2980,68,18.8,,5478,28,-1.898599393
Prairie View A. and M. University,TX,Public,2405,2234,1061,10,4564,4290,3500,55,19.4,1,5967,35,-2.040210941
Tarleton State University,TX,Public,1195,1095,923,,4856,4860,2784,60,21.9,,4242,41,-0.961129382
Jarvis Christian College,TX,Private,575,482,206,9,542,3750,3060,48,12.1,,,25,-3.41344148
Texas College,TX,Private,254,189,189,15,503,3605,2430,37,18.4,,4800,26,-2.594114917
Texas A&M University at Kingsville,TX,Public,1822,1481,1055,10,4455,,,89,19.7,10,5049,42,-1.597135489
Texas Lutheran College,TX,Private,497,423,215,27,895,7850,3410,54,13.8,24,7002,50,-0.160820792
Texas Southern University,TX,Public,4345,3245,2604,15,5584,7860,3360,65,18.2,21,3605,10,-1.243948395
Texas Tech University,TX,Public,6334,5051,2957,25,16785,4860,3688,82,24.7,24,5449,41,0.227195371
Texas Wesleyan University,TX,Private,592,501,279,19,1204,6400,3484,80,14.5,10,7936,43,-0.924714984
Trinity University,TX,Private,2425,1818,601,62,2110,12240,5150,94,9.6,20,14703,93,1.958461995
University of Dallas,TX,Private,681,588,246,44,1058,10760,6230,85,13.4,26,8731,63,1.46002661
University of Houston-Main Campus,TX,Public,6233,3990,2150,32,15340,4104,3980,,14.6,13,6895,32,0.041481419
University of St. Thomas,TX,Private,374,280,185,45,995,8550,4050,75,12.6,17,7237,62,1.12420494
University of Texas at Arlington,TX,Public,3281,2559,1448,19,10975,4422,2780,73,21,4,4696,29,-0.330350567
University of Texas at Austin,TX,Public,14752,9572,5329,48,30017,5130,3309,91,19.7,11,7837,65,1.197437818
Wayland Baptist University,TX,Private,253,216,196,,829,5100,2791,50,13.6,5,6271,91,-0.645537933
West Texas A&M University,TX,Public,1950,1506,1023,7,4111,4104,2706,70,21.9,10,4717,34,-0.532652778
University of Texas at San Antonio,TX,Public,4217,3100,1686,17,9375,4104,5376,94,25.3,3,4329,50,-0.463870026
Texas A&M Univ. at College Station,TX,Public,14474,10519,6392,49,31643,5130,3412,89,23.1,29,8471,69,0.966813298
University of Utah,UT,Public,5095,4491,2400,27,13894,6857,3975,89,12.8,9,9275,37,0.6030734
Weber State University,UT,Public,2632,2509,1750,,8609,5148,2595,66,23.9,0,5334,38,-0.434299249
Averett College,VA,Private,627,556,172,16,777,9925,4135,59,22.4,11,6523,48,-0.606730041
Bluefield College,VA,Private,377,358,181,15,653,7150,4350,61,17.8,3,6259,53,-1.013727957
College of William and Mary,VA,Public,7117,3106,1217,68,5186,11720,4298,89,12.1,31,9534,93,2.201224648
Christopher Newport University,VA,Public,883,766,428,3,2910,7860,4750,80,21.2,16,4639,48,-0.792848075
Emory & Henry College,VA,Private,765,646,226,30,809,8578,4408,79,13.9,51,8061,82,0.016801071
Ferrum College,VA,Private,1339,1107,336,12,1051,9400,4200,53,12.5,9,7967,22,-1.205544585
Hampden - Sydney College,VA,Private,817,644,307,20,945,13218,4773,95,13.3,53,12263,69,0.914582586
Hampton University,VA,Private,7178,3755,1433,25,4623,7161,3518,60,14,9,6791,70,-0.412519918
Hollins College,VA,Private,602,498,215,26,795,13470,5515,78,11.1,48,13957,72,0.328346476
Longwood College,VA,Public,2747,1870,724,12,2874,7920,3962,74,18.4,23,5553,62,0.105814044
James Madison University,VA,Public,11223,5285,2082,32,9652,7994,4544,77,17.9,29,5212,98,1.124976886
Mary Baldwin College,VA,Private,499,441,199,26,846,11200,7400,66,6.8,50,10819,90,-0.315414857
Marymount University,VA,Private,941,772,214,10,1247,11390,5280,77,10.6,17,8575,55,-0.493440802
Old Dominion University,VA,Public,4569,3110,1251,18,8346,9464,4540,79,15.1,17,6727,45,-0.274954415
Radford University,VA,Public,5702,4894,1742,15,8077,6684,4110,73,19.6,9,4519,62,-0.096084084
Randolph-Macon College,VA,Private,1771,1325,306,21,1071,13840,3735,77,10.7,38,11080,74,0.388596838
Randolph-Macon Woman's College,VA,Private,696,616,169,35,653,13970,6110,88,9.2,24,16358,68,0.764511087
Virginia Commonwealth University,VA,Public,4963,3497,1567,18,10262,10217,4182,81,8.7,11,11183,45,-0.250678149
Roanoke College,VA,Private,2227,1790,437,27,1460,13425,4425,85,13,26,9405,72,0.412873103
Shenandoah University,VA,Private,818,620,218,,868,10700,4500,60,9.2,20,9471,59,-0.625307712
Sweet Briar College,VA,Private,462,402,146,36,527,14500,6000,91,6.5,48,18953,61,0.534290649
Clinch Valley Coll. of  the Univ. of Virginia,VA,Public,689,561,250,15,1125,7168,3689,67,18.1,9,4417,46,-0.914229401
Virginia Intermont College,VA,Private,411,354,138,14,495,8170,3980,32,12.3,,,48,-1.134705201
Virginia Military Institute,VA,Public,904,683,349,16,1191,9020,3800,84,11.1,51,10709,68,0.207369232
Virginia Union University,VA,Private,1847,1610,453,19,1298,7384,3494,51,13.7,8,6757,30,-2.492186647
Christendom College,VA,Private,81,72,51,33,139,8730,3600,92,9.3,17,10922,58,0.850286181
Bennington College,VT,Private,519,327,114,25,457,21700,4100,35,10.1,33,16364,55,1.197805682
Castleton State College,VT,Public,1257,940,363,9,1547,7656,4690,89,14.7,8,6318,79,-0.593343441
College of St. Joseph,VT,Private,141,118,55,12,201,8300,4850,53,9.5,19,6936,76,-1.44021515
Goddard College,VT,Private,96,87,49,,257,13936,5104,56,14.5,8,4557,100,0.259123423
Green Mountain College,VT,Private,780,628,198,7,545,11750,2700,77,14,24,6475,76,-0.71192719
Johnson State College,VT,Public,833,669,279,3,1224,7656,4690,80,14.4,15,6564,36,-0.97087402
Marlboro College,VT,Private,268,187,63,,260,18375,6075,56,7.5,41,11767,61,0.825569613
Norwich University,VT,Private,1743,1625,626,8,1862,14134,5270,71,13.1,22,9209,63,-0.821911329
Saint Michael's College,VT,Private,1910,1380,463,16,1715,13030,5860,79,14.5,34,10190,84,0.283399688
Trinity College,VT,Private,222,185,91,16,484,11010,5208,58,10.4,26,9586,78,-1.116531612
University of Vermont,VT,Public,7663,6008,1735,18,7353,15516,4928,87,9.9,10,12646,79,0.590899049
Eastern Washington University,WA,Public,2231,1908,767,,6561,7974,3914,69,17,4,7451,47,-1.874323128
Gonzaga University,WA,Private,1886,1524,526,31,2523,13000,4450,78,14.7,32,9553,69,0.813063617
Pacific Lutheran University,WA,Private,1603,1392,504,31,2580,13312,4488,78,11,23,9431,83,0.320254388
Seattle Pacific University,WA,Private,1183,1016,411,42,1922,12669,4875,83,16.8,20,10368,66,-0.121204734
Seattle University,WA,Private,2115,1540,494,28,2993,12825,4375,85,12.2,16,10175,89,0.44932372
St. Martin's College,WA,Private,191,165,63,5,494,11550,4270,43,14.5,8,9209,40,-0.717962646
University of Puget Sound,WA,Private,4044,2826,688,51,2738,16230,4500,79,15,17,11217,63,1.290092753
Western Washington University,WA,Public,5548,3563,1549,30,8909,8124,4144,83,22.7,10,7203,61,0.493830206
Whitman College,WA,Private,1861,998,359,45,1220,16670,4900,80,10.5,51,13198,72,1.682154959
Whitworth College,WA,Private,1121,926,372,43,1270,12660,4500,80,16.9,20,8328,80,0.63139571
Evergreen State College,WA,Public,1801,1101,438,14,3065,6297,4600,75,18.1,14,8355,68,0.598991137
Alverno College,WI,Private,494,313,157,23,1317,8352,3640,36,11.1,26,8127,55,-0.821911329
Beloit College,WI,Private,1320,923,284,26,1085,16304,3616,87,11.1,26,12957,69,1.38315177
Carroll College,WI,Private,1160,991,352,19,1357,12200,3880,74,17.8,25,7666,79,-0.046687169
Carthage College,WI,Private,1616,1427,434,20,1405,13125,3775,74,15.9,22,7364,62,0.025297242
Concordia University Wisconsin,WI,Private,845,690,323,,1870,9300,3400,49,20.5,4,4677,57,-0.046687169
Lakeland College,WI,Private,497,452,231,24,887,9400,4005,49,17.2,25,4054,57,-0.821911329
Marian College of Fond du Lac,WI,Private,824,670,337,15,1160,9400,3400,37,8.4,21,5352,59,-0.821911329
Marquette University,WI,Private,5152,4600,1685,36,7016,11610,4760,86,13.5,25,9982,77,0.90207659
Milwaukee School of Engineering,WI,Private,1217,1088,496,36,1773,11505,3255,35,16.7,23,7140,67,1.11614907
Mount Mary College,WI,Private,235,217,121,12,931,8950,3119,51,10.7,26,7016,78,-0.160012627
Northland College,WI,Private,907,802,200,15,726,9570,3750,58,15.9,,7774,52,-0.229199461
Ripon College,WI,Private,587,501,211,28,735,15200,4100,87,9.4,49,12472,64,0.777053302
St. Norbert College,WI,Private,1334,1243,568,30,1946,12140,4450,74,15.1,36,8595,88,1.169519591
University of Wisconsin at Milwaukee,WI,Public,5244,3782,1930,12,11561,8786,2964,79,15.9,8,8094,38,-0.046687169
University of Wisconsin at Green Bay,WI,Public,2409,1939,759,17,3819,6900,2800,81,22.2,1,5968,46,-0.046687169
Viterbo College,WI,Private,647,518,271,17,1014,9140,3365,51,10.7,31,8050,73,-0.046687169
University of Wisconsin-Stout,WI,Public,2593,1966,1030,9,6038,6704,2592,78,21,17,6254,65,-0.434299249
Univ. of Wisconsin at Eau Claire,WI,Public,5729,4520,1957,20,8516,6996,2705,80,19.3,28,6139,61,0.239333503
Univ. of Wisconsin at Platteville,WI,Public,2733,2000,917,,4381,6400,2515,66,20.6,25,7100,59,-0.046687169
Univ. of Wisconsin at Stevens Point,WI,Public,4191,3090,1375,17,7198,7142,2958,,19.2,,,67,-0.046687169
University of Wisconsin-Superior,WI,Public,910,910,342,14,1434,7032,2780,75,15.2,15,6490,36,-0.434299249
University of Wisconsin-Whitewater,WI,Public,4400,3719,1472,12,7804,6950,2500,90,23.1,16,5559,67,-0.434299249
University of Wisconsin at Parkside,WI,Public,1705,1339,772,9,2999,,,87,18.4,13,6855,28,-0.821911329
Univ. of Wisconsin at OshKosh,WI,Public,4800,2900,1515,14,7764,6874,2394,73,19.2,14,5901,56,-0.046687169
Wisconsin Lutheran College,WI,Private,152,128,75,17,282,9100,3700,48,8.5,26,8960,50,0.340924911
Alderson-Broaddus College,WV,Private,582,498,172,21,799,10468,3380,40,11.5,15,8991,52,-0.940899161
Bethany College,WV,Private,664,515,210,12,712,15700,5750,80,13,24,10941,59,0.004662938
Bluefield State College,WV,Public,1046,832,518,15,1463,4498,,24,16.3,,2520,42,-1.365329722
Concord College,WV,Private,1497,1469,383,,2028,4426,3236,55,19.2,22,4311,49,-0.821911329
Davis & Elkins College,WV,Private,629,501,183,10,754,9400,4450,64,12.8,26,8813,94,-1.138751245
Fairmont State College,WV,Public,2485,1800,1800,10,4540,4238,3040,37,19.6,,3191,50,-1.209523409
Glenville State College,WV,Public,1246,1246,553,8,1595,4080,3264,25,17.3,,3689,65,-1.209523409
Marshall University,WV,Private,4226,3666,2007,14,7703,5094,4010,77,16.6,10,6203,50,-0.043889592
University of Charleston,WV,Private,682,535,204,22,771,9500,3540,26,2.5,10,7683,57,-0.297982213
Salem-Teikyo University,WV,Private,489,384,120,23,700,10575,3952,46,13,9,8946,98,-0.046687169
Shepherd College,WV,Private,1405,1167,557,20,2452,4694,3890,57,16.5,,3485,46,0.101363917
West Liberty State College,WV,Public,1164,1062,478,12,2138,4470,2890,33,16.3,10,4249,60,-1.209523409
West Virginia Institute of Technology,WV,Public,1594,1572,675,,2432,,3752,,15.3,,4325,56,-0.821911329
West Virginia University,WV,Public,9630,7801,2881,23,14524,6370,4310,83,13.4,,8318,57,-0.112268261
West Virginia Wesleyan College,WV,Private,1566,1400,483,28,1509,14200,3775,58,16.4,42,8080,67,0.008708983
Wheeling Jesuit College,WV,Private,903,755,213,15,971,10500,4545,66,14.1,27,7494,72,-0.249833765
University of Wyoming,WY,Public,2029,1516,1073,23,7535,5988,3422,91,15.1,13,8745,45,0.340924911